time,thrust,tilt,x_drone,y_drone,theta,xdot_drone,ydot_drone,x_cargo,y_cargo,xdot_cargo,ydot_cargo,l_rope,ldot_rope
0,49.05,0,0,1,0,0,0,0,0,0,0,1,0
0.01,49.05,0,0,1.00033,0,0,0.0653995,0,-0.000490496,0,-0.0980984,1,0
0.02,0,0,0,1.00049,0,0,-0.0327007,0,-0.00196194,0,-0.196187,1,0.08175
0.03,0,0,0,0.999673,0,0,-0.130798,0,-0.00441418,0,-0.294257,1.00041,0.0817492
0.04,0,0,0,0.997875,0,0,-0.228887,0,-0.00784697,0,-0.392297,1.00082,0.163498
0.05,0,0,0,0.995095,0,0,-0.326961,0,-0.01226,0,-0.4903,1.00082,0.163498
0.06,0,0,0,0.991335,0,0,-0.425014,0,-0.0176528,0,-0.588254,1.00163,0.163495
0.07,0,0,0,0.986595,0,0,-0.523039,0,-0.0240249,0,-0.68615,1.00163,0.163492
0.08,0,0,0,0.980875,0,0,-0.621029,0,-0.0313756,0,-0.78398,1.00245,0.163487
0.09,0,0,0,0.974175,0,0,-0.718979,0,-0.0397042,0,-0.881733,1.00245,0.163486
0.1,0,0,0,0.966495,0,0,-0.816883,0,-0.04901,0,-0.979399,1.00327,0.163477
0.11,0,0,0,0.957837,0,0,-0.914732,0,-0.0592919,0,-1.07697,1.00327,0.163473
0.12,0,0,0,0.948201,0,0,-1.01252,0,-0.070549,0,-1.17444,1.00409,0.163459
0.13,0,0,0,0.937587,0,0,-1.11025,0,-0.0827802,0,-1.27179,1.00409,0.163458
0.14,0,0,0,0.925996,0,0,-1.2079,0,-0.0959844,0,-1.36902,1.0049,0.16344
0.15,0,0,0,0.913429,0,0,-1.30547,0,-0.11016,0,-1.46611,1.0049,0.163434
0.16,0,0,0,0.899887,0,0,-1.40296,0,-0.125306,0,-1.56306,1.00572,0.16341
0.17,0,0,0,0.88537,0,0,-1.50036,0,-0.141421,0,-1.65986,1.00572,0.16341
0.18,0,0,0,0.86988,0,0,-1.59766,0,-0.158503,0,-1.7565,1.00654,0.16338
0.19,0,0,0,0.853418,0,0,-1.69485,0,-0.17655,0,-1.85298,1.00654,0.163374
0.2,0,0,0,0.835983,0,0,-1.79194,0,-0.195562,0,-1.94927,1.00736,0.163339
0.21,0,0,0,0.817579,0,0,-1.88891,0,-0.215535,0,-2.04537,1.00736,0.163338
0.22,0,0,0,0.798206,0,0,-1.98576,0,-0.236469,0,-2.14128,1.00817,0.163296
0.23,0,0,0,0.777864,0,0,-2.08248,0,-0.25836,0,-2.23699,1.00817,0.163289
0.24,0,0,0,0.756556,0,0,-2.17907,0,-0.281208,0,-2.33247,1.00899,0.16324
0.25,0,0,0,0.734283,0,0,-2.27551,0,-0.305009,0,-2.42774,1.00899,0.16324
0.26,0,0,0,0.711047,0,0,-2.37181,0,-0.329762,0,-2.52278,1.0098,0.163184
0.27,0,0,0,0.686848,0,0,-2.46796,0,-0.355464,0,-2.61757,1.0098,0.163176
0.28,0,0,0,0.661688,0,0,-2.56395,0,-0.382112,0,-2.71212,1.01062,0.163112
0.29,0,0,0,0.635569,0,0,-2.65978,0,-0.409705,0,-2.80642,1.01062,0.163112
0.3,0,0,0,0.608493,0,0,-2.75543,0,-0.43824,0,-2.90045,1.01144,0.16304
0.31,0,0,0,0.580461,0,0,-2.85091,0,-0.467713,0,-2.9942,1.01144,0.163031
0.32,0,0,0,0.551475,0,0,-2.94621,0,-0.498123,0,-3.08768,1.01225,0.162951
0.33,0,0,0,0.521538,0,0,-3.04132,0,-0.529466,0,-3.18086,1.01225,0.162951
0.34,0,0,0,0.49065,0,0,-3.13624,0,-0.561739,0,-3.27376,1.01307,0.162861
0.35,0,0,0,0.458813,0,0,-3.23096,0,-0.59494,0,-3.36634,1.01306,0.162852
0.36,0,0,0,0.426031,0,0,-3.32548,0,-0.629065,0,-3.45862,1.01388,0.162753
0.37,0,0,0,0.392304,0,0,-3.41979,0,-0.664111,0,-3.55058,1.01388,0.162753
0.38,0,0,0,0.357636,0,0,-3.51388,0,-0.700076,0,-3.64221,1.01469,0.162645
0.39,0,0,0,0.322028,0,0,-3.60776,0,-0.736954,0,-3.73351,1.01469,0.162635
0.4,0,0,0,0.285482,0,0,-3.7014,0,-0.774745,0,-3.82447,1.01551,0.162517
0.41,0,0,0,0.248,0,0,-3.79482,0,-0.813443,0,-3.91508,1.01551,0.162517
0.42,0,0,0,0.209586,0,0,-3.888,0,-0.853045,0,-4.00534,1.01632,0.162388
0.43,0,0,0,0.170241,0,0,-3.98094,0,-0.893548,0,-4.09524,1.01632,0.162377
0.44,0,0,0,0.129968,0,0,-4.07364,0,-0.934949,0,-4.18477,1.01713,0.162238
0.45,0,0,0,0.0887691,0,0,-4.16608,0,-0.977242,0,-4.27392,1.01713,0.162238
0.46,0,0,0,0.0466472,0,0,-4.25826,0,-1.02043,0,-4.3627,1.01794,0.162087
0.47,0,0,0,0.00360469,0,0,-4.35019,0,-1.0645,0,-4.45109,1.01794,0.162076
0.48,0,0,0,-0.0403557,0,0,-4.44185,0,-1.10945,0,-4.53909,1.01875,0.161914
0.49,0,0,0,-0.0852313,0,0,-4.53323,0,-1.15528,0,-4.62668,1.01875,0.161914
0.5,0,0,0,-0.131019,0,0,-4.62434,0,-1.20198,0,-4.71388,1.01956,0.16174
0.51,0,0,0,-0.177717,0,0,-4.71517,0,-1.24955,0,-4.80066,1.01956,0.161727
0.52,0,0,0,-0.225322,0,0,-4.80572,0,-1.29799,0,-4.88703,1.02037,0.161541
0.53,0,0,0,-0.273831,0,0,-4.89598,0,-1.34729,0,-4.97298,1.02037,0.161541
0.54,0,0,0,-0.323241,0,0,-4.98594,0,-1.39745,0,-5.0585,1.02117,0.161342
0.55,0,0,0,-0.373548,0,0,-5.0756,0,-1.44846,0,-5.14359,1.02117,0.161329
0.56,0,0,0,-0.424752,0,0,-5.16496,0,-1.50032,0,-5.22824,1.02198,0.161117
0.57,0,0,0,-0.476847,0,0,-5.25402,0,-1.55302,0,-5.31245,1.02198,0.161117
0.58,0,0,0,-0.529831,0,0,-5.34276,0,-1.60657,0,-5.39622,1.02279,0.160892
0.59,0,0,0,-0.583701,0,0,-5.43118,0,-1.66095,0,-5.47953,1.02278,0.160878
0.6,0,0,0,-0.638453,0,0,-5.51929,0,-1.71616,0,-5.56239,1.02359,0.160639
0.61,0,0,0,-0.694086,0,0,-5.60707,0,-1.77219,0,-5.64479,1.02359,0.160638
0.62,0,0,0,-0.750594,0,0,-5.69453,0,-1.82905,0,-5.72672,1.02439,0.160385
0.63,0,0,0,-0.807975,0,0,-5.78165,0,-1.88672,0,-5.80819,1.02439,0.160371
0.64,0,0,0,-0.866226,0,0,-5.86844,0,-1.94521,0,-5.88919,1.02519,0.160103
0.65,0,0,0,-0.925343,0,0,-5.95489,0,-2.00451,0,-5.96971,1.02519,0.160103
0.66,0,0,0,-0.985323,0,0,-6.041,0,-2.0646,0,-6.04975,1.02599,0.15982
0.67,0,0,0,-1.04616,0,0,-6.12676,0,-2.1255,0,-6.12931,1.02599,0.159805
0.68,0,0,0,-1.10786,0,0,-6.21218,0,-2.18719,0,-6.20838,1.02679,0.159507
0.69,0,0,0,-1.1704,0,0,-6.29724,0,-2.24967,0,-6.28696,1.02679,0.159507
0.7,0,0,0,-1.2338,0,0,-6.38194,0,-2.31293,0,-6.36505,1.02759,0.159193
0.71,0,0,0,-1.29804,0,0,-6.46628,0,-2.37697,0,-6.44265,1.02759,0.159177
0.72,0,0,0,-1.36312,0,0,-6.55026,0,-2.44178,0,-6.51974,1.02838,0.158847
0.73,0,0,0,-1.42905,0,0,-6.63388,0,-2.50736,0,-6.59634,1.02838,0.158847
0.74,0,0,0,-1.4958,0,0,-6.71712,0,-2.5737,0,-6.67243,1.02918,0.158501
0.75,0,0,0,-1.56339,0,0,-6.8,0,-2.64081,0,-6.74802,1.02918,0.158485
0.76,0,0,0,-1.6318,0,0,-6.88249,0,-2.70866,0,-6.82309,1.02997,0.158122
0.77,98.1,0,0,-1.6994,0,0,-6.63836,0,-2.77727,0,-6.89766,1.02997,0.158122
0.78,98.1,0,0,-1.76457,0,0,-6.3953,0,-2.84661,0,-6.97172,1.03076,0.157742
0.79,98.1,0,0,-1.82731,0,0,-6.15328,0,-2.9167,0,-7.04526,1.03076,0.157725
0.8,98.1,0,0,-1.88764,0,0,-5.91225,0,-2.98752,0,-7.11828,1.03155,0.157328
0.81,98.1,0,0,-1.94556,0,0,-5.67216,0,-3.05906,0,-7.19079,1.03155,0.157328
0.82,98.1,0,0,-2.00109,0,0,-5.43298,0,-3.13133,0,-7.26277,1.03233,0.156913
0.83,98.1,0,0,-2.05422,0,0,-5.19467,0,-3.20432,0,-7.33424,1.03233,0.156895
0.84,98.1,0,0,-2.10498,0,0,-4.95718,0,-3.27801,0,-7.40518,1.03311,0.156462
0.85,98.1,0,0,-2.15337,0,0,-4.72047,0,-3.35242,0,-7.4756,1.03311,0.156462
0.86,98.1,0,0,-2.19939,0,0,-4.48451,0,-3.42752,0,-7.5455,1.0339,0.156011
0.87,98.1,0,0,-2.24306,0,0,-4.24925,0,-3.50333,0,-7.61487,1.03389,0.155992
0.88,98.1,0,0,-2.28438,0,0,-4.01466,0,-3.57982,0,-7.68371,1.03467,0.155522
0.89,98.1,0,0,-2.32336,0,0,-3.7807,0,-3.657,0,-7.75203,1.03467,0.155522
0.9,98.1,0,0,-2.36,0,0,-3.54732,0,-3.73486,0,-7.81981,1.03545,0.155033
0.91,98.1,0,0,-2.39431,0,0,-3.31449,0,-3.81339,0,-7.88708,1.03545,0.155014
0.92,98.1,0,0,-2.42629,0,0,-3.08218,0,-3.8926,0,-7.95381,1.03622,0.154505
0.93,98.1,0,0,-2.45595,0,0,-3.36097,0,-3.97247,0,-7.25408,1.03622,0.154505
0.94,98.1,0,0,-2.5049,0,0,-5.95255,0,-4.02064,0,-3.09677,1.037,0.153977
0.95,98.1,0,0,-2.56592,0,0,-5.98172,0,-4.04802,0,-2.78515,1.03699,0.153957
0.96,98.1,0,0,-2.62454,0,0,-5.74137,0,-4.07635,0,-2.87924,1.03776,0.153408
0.97,98.1,0,0,-2.68075,0,0,-5.50193,0,-4.10561,0,-2.97305,1.03776,0.153408
0.98,98.1,0,0,-2.73458,0,0,-5.26337,0,-4.13581,0,-3.06659,1.03853,0.15284
0.99,98.1,0,0,-2.78602,0,0,-5.02565,0,-4.16694,0,-3.15985,1.03853,0.152819
1,98.1,0,0,-2.83509,0,0,-4.78872,0,-4.199,0,-3.25281,1.03929,0.152229
1.01,98.1,0,0,-2.8818,0,0,-4.55255,0,-4.23199,0,-3.34546,1.03929,0.152229
1.02,98.1,0,0,-2.92615,0,0,-4.31709,0,-4.26591,0,-3.43781,1.04005,0.151619
1.03,98.1,0,0,-2.96814,0,0,-4.08231,0,-4.30075,0,-3.52984,1.04005,0.151597
1.04,98.1,0,0,-3.0078,0,0,-3.84817,0,-4.33651,0,-3.62155,1.04081,0.150966
1.05,98.1,0,0,-3.04511,0,0,-3.61463,0,-4.37318,0,-3.71293,1.04081,0.150965
1.06,98.1,0,0,-3.08009,0,0,-3.38165,0,-4.41076,0,-3.80396,1.04156,0.150312
1.07,98.1,0,0,-3.11274,0,0,-3.14919,0,-4.44926,0,-3.89465,1.04156,0.15029
1.08,98.1,0,0,-3.14308,0,0,-2.91722,0,-4.48866,0,-3.98499,1.04231,0.149614
1.09,98.1,0,0,-3.17109,0,0,-2.6857,0,-4.52896,0,-4.07497,1.04231,0.149614
1.1,98.1,0,0,-3.19679,0,0,-2.4546,0,-4.57015,0,-4.16458,1.04306,0.148917
1.11,98.1,0,0,-3.22018,0,0,-2.22388,0,-4.61225,0,-4.25382,1.04306,0.148894
1.12,98.1,0,0,-3.24127,0,0,-1.99349,0,-4.65523,0,-4.34269,1.0438,0.148174
1.13,98.1,0,0,-3.26005,0,0,-1.76341,0,-4.6991,0,-4.43116,1.0438,0.148173
1.14,98.1,0,0,-3.27654,0,0,-1.53361,0,-4.74385,0,-4.51925,1.04454,0.14743
1.15,98.1,0,0,-3.29073,0,0,-1.3681,0,-4.78948,0,-4.51084,1.04454,0.147407
1.16,98.1,0,0,-3.31084,0,0,-2.60474,0,-4.82367,0,-2.40209,1.04527,0.146641
1.17,98.1,0,0,-3.3406,0,0,-3.06779,0,-4.84087,0,-1.45615,1.04527,0.14664
1.18,98.1,0,0,-3.37012,0,0,-2.83599,0,-4.85591,0,-1.55312,1.04601,0.145851
1.19,98.1,0,0,-3.39732,0,0,-2.60462,0,-4.87193,0,-1.64994,1.046,0.145827
1.2,98.1,0,0,-3.42221,0,0,-2.37365,0,-4.88891,0,-1.74659,1.04673,0.145013
1.21,98.1,0,0,-3.44479,0,0,-2.14305,0,-4.90686,0,-1.84308,1.04673,0.145013
1.22,98.1,0,0,-3.46507,0,0,-1.91278,0,-4.92577,0,-1.93939,1.04746,0.144175
1.23,98.1,0,0,-3.48305,0,0,-1.6828,0,-4.94565,0,-2.03552,1.04745,0.144151
1.24,98.1,0,0,-3.49873,0,0,-1.45308,0,-4.96648,0,-2.13145,1.04817,0.143289
1.25,98.1,0,0,-3.51211,0,0,-1.22358,0,-4.98827,0,-2.22717,1.04817,0.143289
1.26,98.1,0,0,-3.5232,0,0,-0.994269,0,-5.01102,0,-2.32268,1.04889,0.142402
1.27,98.1,0,0,-3.532,0,0,-0.87163,0,-5.03473,0,-2.25819,1.04889,0.142377
1.28,98.1,0,0,-3.54437,0,0,-1.50295,0,-5.05059,0,-1.06381,1.0496,0.141466
1.29,98.1,0,0,-3.56007,0,0,-1.51049,0,-5.05899,0,-0.805628,1.0496,0.141465
1.3,98.1,0,0,-3.57402,0,0,-1.28094,0,-5.06754,0,-0.903363,1.05031,0.140529
1.31,98.1,0,0,-3.58569,0,0,-1.05158,0,-5.07706,0,-1.00101,1.0503,0.140503
1.32,98.1,0,0,-3.59505,0,0,-0.822391,0,-5.08756,0,-1.09856,1.051,0.139541
1.33,98.1,0,0,-3.60213,0,0,-0.593322,0,-5.09903,0,-1.196,1.051,0.139541
1.34,98.1,0,0,-3.60745,0,0,-0.550708,0,-5.11069,0,-1.01385,1.0517,0.138553
1.35,98.1,0,0,-3.61452,0,0,-0.779848,0,-5.11726,0,-0.4244,1.0517,0.138527
1.36,98.1,0,0,-3.62173,0,0,-0.621012,0,-5.12114,0,-0.417059,1.05239,0.137513
1.37,98.1,0,0,-3.6268,0,0,-0.392025,0,-5.1258,0,-0.51505,1.05239,0.137513
1.38,98.1,0,0,-3.62975,0,0,-0.245145,0,-5.13118,0,-0.48993,1.05308,0.136473
1.39,98.1,0,0,-3.6325,0,0,-0.28248,0,-5.13441,0,-0.188582,1.05307,0.136447
1.4,98.1,0,0,-3.63497,0,0,-0.187688,0,-5.1356,0,-0.0854803,1.05375,0.13538
1.41,98.1,0,0,-3.63596,0,0,-0.0247226,0,-5.13655,0,-0.084667,1.05375,0.13538
1.42,98.1,0,0,-3.63571,0,0,0.0652273,0,-5.13692,0,0.0256588,1.05443,0.134287
1.43,98.1,0,0,-3.63476,0,0,0.133728,0,-5.13589,0,0.168146,1.05442,0.13426
1.44,98.1,0,0,-3.6329,0,0,0.240126,0,-5.13376,0,0.253759,1.0551,0.13314
1.45,98.1,0,0,-3.62993,0,0,0.351004,0,-5.13086,0,0.332604,1.0551,0.13314
1.46,98.1,0,0,-3.62595,0,0,0.443172,0,-5.127,0,0.439449,1.05576,0.131992
1.47,98.1,0,0,-3.62107,0,0,0.535969,0,-5.12206,0,0.545261,1.05576,0.131965
1.48,98.1,0,0,-3.6152,0,0,0.6375,0,-5.11615,0,0.637867,1.05642,0.13079
1.49,98.1,0,0,-3.60832,0,0,0.737349,0,-5.1093,0,0.732871,1.05642,0.13079
1.5,98.1,0,0,-3.60047,0,0,0.833218,0,-5.10147,0,0.833702,1.05707,0.129588
1.51,98.1,0,0,-3.59165,0,0,0.930383,0,-5.09263,0,0.932424,1.05706,0.12956
1.52,98.1,0,0,-3.58185,0,0,1.02914,0,-5.08283,0,1.02859,1.05771,0.128329
1.53,98.1,0,0,-3.57107,0,0,1.12691,0,-5.07206,0,1.12601,1.05771,0.128329
1.54,98.1,0,0,-3.55932,0,0,1.22395,0,-5.0603,0,1.22432,1.05835,0.127071
1.55,98.1,0,0,-3.54659,0,0,1.32141,0,-5.04757,0,1.32176,1.05835,0.127042
1.56,98.1,0,0,-3.53289,0,0,1.419,0,-5.03387,0,1.41875,1.05898,0.125756
1.57,98.1,0,0,-3.51821,0,0,1.5162,0,-5.0192,0,1.51604,1.05898,0.125755
1.58,98.1,0,0,-3.50257,0,0,1.61321,0,-5.00355,0,1.61333,1.05961,0.12444
1.59,98.1,0,0,-3.48595,0,0,1.71024,0,-4.98693,0,1.71027,1.0596,0.124411
1.6,98.1,0,0,-3.46836,0,0,1.80715,0,-4.96935,0,1.80706,1.06023,0.123067
1.61,98.1,0,0,-3.44981,0,0,1.90385,0,-4.95079,0,1.90382,1.06023,0.123067
1.62,98.1,0,0,-3.43029,0,0,2.00041,0,-4.93127,0,2.00042,1.06084,0.121694
1.63,98.1,0,0,-3.4098,0,0,2.09684,0,-4.91078,0,2.09682,1.06083,0.121664
1.64,98.1,0,0,-3.38835,0,0,2.19311,0,-4.88933,0,2.19307,1.06144,0.120262
1.65,98.1,0,0,-3.36594,0,0,2.28919,0,-4.86692,0,2.28917,1.06144,0.120262
1.66,98.1,0,0,-3.34257,0,0,2.3851,0,-4.84355,0,2.38509,1.06204,0.11883
1.67,98.1,0,0,-3.31824,0,0,2.48084,0,-4.81922,0,2.48081,1.06204,0.1188
1.68,98.1,0,0,-3.29295,0,0,2.57638,0,-4.79393,0,2.57635,1.06263,0.117339
1.69,98.1,0,0,-3.26671,0,0,2.67173,0,-4.76769,0,2.6717,1.06263,0.117339
1.7,98.1,0,0,-3.23952,0,0,2.76687,0,-4.7405,0,2.76684,1.06322,0.115848
1.71,98.1,0,0,-3.21137,0,0,2.8618,0,-4.71236,0,2.86177,1.06321,0.115818
1.72,98.1,0,0,-3.18228,0,0,2.95652,0,-4.68327,0,2.95649,1.06379,0.114296
1.73,98.1,0,0,-3.15224,0,0,3.05101,0,-4.65323,0,3.05098,1.06379,0.114296
1.74,98.1,0,0,-3.12126,0,0,3.14527,0,-4.62225,0,3.14524,1.06436,0.112745
1.75,98.1,0,0,-3.08934,0,0,3.23929,0,-4.59033,0,3.23926,1.06435,0.112714
1.76,98.1,0,0,-3.05648,0,0,3.33307,0,-4.55746,0,3.33304,1.06492,0.111133
1.77,98.1,0,0,-3.02268,0,0,3.4266,0,-4.52367,0,3.42657,1.06492,0.111133
1.78,98.1,0,0,-2.98795,0,0,3.51988,0,-4.48893,0,3.51984,1.06547,0.10952
1.79,98.1,0,0,-2.95228,0,0,3.61289,0,-4.45327,0,3.61286,1.06546,0.10949
1.8,98.1,0,0,-2.91569,0,0,3.70563,0,-4.41668,0,3.7056,1.06601,0.107847
1.81,98.1,0,0,-2.87817,0,0,3.7981,0,-4.37916,0,3.79807,1.06601,0.107847
1.82,98.1,0,0,-2.83973,0,0,3.89029,0,-4.34072,0,3.89026,1.06655,0.106173
1.83,98.1,0,0,-2.80037,0,0,3.98219,0,-4.30135,0,3.98216,1.06654,0.106142
1.84,98.1,0,0,-2.76008,0,0,4.0738,0,-4.26107,0,4.07377,1.06707,0.104437
1.85,98.1,0,0,-2.71889,0,0,4.16512,0,-4.21988,0,4.16508,1.06707,0.104437
1.86,98.1,0,0,-2.67678,0,0,4.25612,0,-4.17777,0,4.25609,1.0676,0.1027
1.87,98.1,0,0,-2.63377,0,0,4.34682,0,-4.13476,0,4.34678,1.06759,0.102669
1.88,98.1,0,0,-2.58985,0,0,4.43721,0,-4.09084,0,4.43717,1.0681,0.100902
1.89,98.1,0,0,-2.54503,0,0,4.52727,0,-4.04602,0,4.52723,1.0681,0.100902
1.9,98.1,0,0,-2.4993,0,0,4.61701,0,-4.0003,0,4.61697,1.0686,0.0991025
1.91,98.1,0,0,-2.45269,0,0,4.70642,0,-3.95368,0,4.70637,1.0686,0.0990708
1.92,98.1,0,0,-2.40518,0,0,4.79549,0,-3.90617,0,4.79545,1.06909,0.0972403
1.93,98.1,0,0,-2.35678,0,0,4.88422,0,-3.85777,0,4.88418,1.06909,0.0972401
1.94,98.1,0,0,-2.30749,0,0,4.9726,0,-3.80849,0,4.97256,1.06958,0.0953776
1.95,98.1,0,0,-2.25733,0,0,5.06064,0,-3.75832,0,5.06059,1.06957,0.0953456
1.96,98.1,0,0,-2.20628,0,0,5.14831,0,-3.70728,0,5.14827,1.07004,0.0934513
1.97,98.1,0,0,-2.15436,0,0,5.23563,0,-3.65536,0,5.23559,1.07004,0.0934512
1.98,98.1,0,0,-2.10157,0,0,5.32258,0,-3.60257,0,5.32254,1.07051,0.0915247
1.99,98.1,0,0,-2.04791,0,0,5.40917,0,-3.54891,0,5.40912,1.0705,0.0914924
2,98.1,0,0,-1.99339,0,0,5.49538,0,-3.49438,0,5.49533,1.07096,0.0895338
2.01,98.1,0,0,-1.93801,0,0,5.58121,0,-3.439,0,5.58116,1.07096,0.0895337
2.02,98.1,0,0,-1.88177,0,0,5.66665,0,-3.38276,0,5.66661,1.07141,0.0875426
2.03,98.1,0,0,-1.82467,0,0,5.75172,0,-3.32567,0,5.75167,1.0714,0.0875101
2.04,98.1,0,0,-1.76673,0,0,5.83639,0,-3.26773,0,5.83634,1.07183,0.0854867
2.05,98.1,0,0,-1.70795,0,0,5.92067,0,-3.20895,0,5.92062,1.07183,0.0854866
2.06,98.1,0,0,-1.64832,0,0,6.00454,0,-3.14932,0,6.00449,1.07226,0.0834305
2.07,98.1,0,0,-1.58786,0,0,6.08802,0,-3.08886,0,6.08797,1.07225,0.0833977
2.08,98.1,0,0,-1.52656,0,0,6.17109,0,-3.02756,0,6.17104,1.07267,0.0813091
2.09,98.1,0,0,-1.46444,0,0,6.25375,0,-2.96544,0,6.2537,1.07267,0.0813089
2.1,98.1,0,0,-1.40149,0,0,6.336,0,-2.90249,0,6.33595,1.07308,0.0791873
2.11,98.1,-17.2,1.6352e-06,-1.33772,-0.172,0.000490436,6.41784,0,-2.83872,5.4586e-08,6.41779,1.07306,0.0791543
2.12,98.1,-17.2,1.30723e-05,-1.27313,-0.344,0.00195988,6.49925,3.27049e-09,-2.77413,8.71693e-07,6.4992,1.07346,0.077
2.13,98.1,-17.2,4.40848e-05,-1.20773,-0.516,0.00440484,6.58024,2.61361e-08,-2.70874,4.40765e-06,6.58019,1.07346,0.0769999
2.14,98.1,-17.2,0.000104406,-1.14153,-0.688,0.00782085,6.66079,1.10963e-07,-2.64253,1.39126e-05,6.66074,1.07385,0.0748123
2.15,98.1,-17.2,0.000203721,-1.07452,-0.86,0.0122025,6.74091,3.39036e-07,-2.57552,3.39179e-05,6.74086,1.07383,0.0747792
2.16,98.1,-17.2,0.000351655,-1.00671,-1.032,0.0175436,6.82059,8.43297e-07,-2.50772,7.02205e-05,6.82055,1.07421,0.0725588
2.17,98.1,-17.2,0.000557766,-0.93811,-1.204,0.0238367,6.89983,1.82091e-06,-2.43911,0.000129864,6.89979,1.07421,0.0725586
2.18,98.1,-17.2,0.000831535,-0.868717,-1.376,0.0310738,6.97861,3.54561e-06,-2.36972,0.000221118,6.97858,1.07457,0.0703047
2.19,98.1,-17.2,0.00118236,-0.798539,-1.548,0.0392459,7.05694,6.37987e-06,-2.29954,0.000353449,7.05693,1.07456,0.0702714
2.2,98.1,-17.2,0.00161954,-0.72758,-1.72,0.0483431,7.13482,1.07867e-05,-2.22859,0.000537499,7.13482,1.07491,0.0679845
2.21,98.1,-17.2,0.00215227,-0.655844,-1.892,0.0583546,7.21222,1.73412e-05,-2.15685,0.00078505,7.21225,1.07491,0.0679843
2.22,98.1,-17.2,0.00278964,-0.583337,-2.064,0.0692689,7.28916,2.6742e-05,-2.08434,0.00110899,7.28923,1.07525,0.0656638
2.23,98.1,-17.2,0.00354062,-0.510063,-2.236,0.0810737,7.36562,3.9822e-05,-2.01107,0.00152329,7.36575,1.07524,0.0656303
2.24,98.1,-17.2,0.00441404,-0.436026,-2.408,0.0937559,7.4416,5.75587e-05,-1.93703,0.00204293,7.44181,1.07557,0.0632766
2.25,98.1,-17.2,0.00541861,-0.361232,-2.58,0.107302,7.51709,8.1085e-05,-1.86223,0.00268392,7.51741,1.07557,0.0632764
2.26,98.1,-17.2,0.0065629,-0.285686,-2.752,0.121696,7.59209,0.000111698,-1.78668,0.0034632,7.59254,1.07588,0.0608889
2.27,98.1,-17.2,0.00785531,-0.209392,-2.924,0.136924,7.6666,0.00015087,-1.71038,0.00439862,7.66722,1.07587,0.0608552
2.28,98.1,-17.2,0.00930411,-0.132356,-3.096,0.15297,7.7406,0.000200254,-1.63334,0.00550889,7.74143,1.07618,0.0584344
2.29,98.1,-17.2,0.0109174,-0.0545819,-3.268,0.169817,7.81409,0.000261696,-1.55555,0.00681354,7.81518,1.07618,0.0584342
2.3,98.1,-17.2,0.0127031,0.0239243,-3.44,0.187448,7.88707,0.000337241,-1.47704,0.00833287,7.88848,1.07647,0.0559794
2.31,98.1,-17.2,0.0146689,0.103158,-3.612,0.205845,7.95953,0.00042914,-1.39779,0.0100879,7.96131,1.07646,0.0559456
2.32,98.1,-17.2,0.0168225,0.183113,-3.784,0.224991,8.03146,0.000539857,-1.31781,0.0121002,8.03369,1.07674,0.0534574
2.33,98.1,-17.2,0.0191711,0.263785,-3.956,0.244865,8.10286,0.000672078,-1.23711,0.0143922,8.10561,1.07674,0.0534572
2.34,98.1,-17.2,0.0217221,0.345168,-4.128,0.26545,8.17371,0.000828712,-1.1557,0.0169866,8.17708,1.077,0.0509349
2.35,98.1,-17.2,0.0244824,0.427257,-4.3,0.286726,8.24402,0.0010129,-1.07357,0.0199067,8.2481,1.07699,0.050901
2.36,98.1,-17.2,0.0274589,0.510047,-4.472,0.308672,8.31379,0.00122802,-0.99074,0.0231764,8.31867,1.07724,0.0483451
2.37,98.1,-17.2,0.0306581,0.593531,-4.644,0.331269,8.38299,0.00147768,-0.907202,0.0268198,8.3888,1.07724,0.0483449
2.38,98.1,-17.2,0.0340864,0.677704,-4.816,0.354496,8.45163,0.00176575,-0.822965,0.0308613,8.45848,1.07749,0.0457549
2.39,98.1,-17.2,0.03775,0.762561,-4.988,0.378331,8.5197,0.00209632,-0.738033,0.0353256,8.52772,1.07747,0.0457209
2.4,98.1,-17.2,0.0416549,0.848096,-5.16,0.402755,8.5872,0.00247377,-0.652411,0.0402377,8.59653,1.0777,0.0430972
2.41,98.1,-17.2,0.045807,0.934303,-5.332,0.427745,8.65412,0.00290267,-0.566103,0.0456227,8.6649,1.0777,0.043097
2.42,98.1,-17.2,0.0502116,1.02118,-5.504,0.453281,8.72045,0.0033879,-0.479114,0.0515057,8.73284,1.07792,0.0404391
2.43,98.1,-17.2,0.0548743,1.10871,-5.676,0.479341,8.7862,0.00393455,-0.391447,0.0579118,8.80034,1.0779,0.040405
2.44,98.1,-17.2,0.0598001,1.1969,-5.848,0.505903,8.85135,0.00454799,-0.303108,0.0648662,8.86742,1.07811,0.0377132
2.45,98.1,-17.2,0.064994,1.28573,-6.02,0.532947,8.9159,0.00523382,-0.2141,0.0723938,8.93407,1.07811,0.0377131
2.46,98.1,-17.2,0.0704605,1.37521,-6.192,0.56045,8.97985,0.0059979,-0.124427,0.0805195,9.0003,1.07829,0.034987
2.47,98.1,-17.2,0.0762044,1.46533,-6.364,0.588392,9.0432,0.00684633,-0.034094,0.0892678,9.06609,1.07828,0.0349529
2.48,98.1,-17.2,0.0822297,1.55607,-6.536,0.616751,9.10594,0.00778546,0.0568947,0.0986629,9.13146,1.07846,0.032193
2.49,98.1,-17.2,0.0885407,1.64744,-6.708,0.645506,9.16808,0.00882189,0.148535,0.108729,9.19641,1.07846,0.0321928
2.5,98.1,-17.2,0.0951411,1.73943,-6.88,0.674637,9.2296,0.00996242,0.240823,0.119489,9.26092,1.07862,0.0293986
2.51,98.1,-17.2,0.102035,1.83203,-7.052,0.704122,9.2905,0.0112141,0.333753,0.130966,9.32501,1.0786,0.0293644
2.52,98.1,-17.2,0.109225,1.92524,-7.224,0.733943,9.3508,0.0125843,0.427323,0.143182,9.38867,1.07875,0.0265363
2.53,98.1,-17.2,0.116714,2.01905,-7.396,0.764079,9.41048,0.0140804,0.521527,0.15616,9.45189,1.07875,0.0265361
2.54,98.1,-17.2,0.124507,2.11345,-7.568,0.79451,9.46955,0.0157102,0.616361,0.169919,9.51468,1.07888,0.0236736
2.55,98.1,-17.2,0.132605,2.20843,-7.74,0.825218,9.52801,0.0174816,0.711821,0.184481,9.57703,1.07887,0.0236393
2.56,98.1,-17.2,0.141012,2.304,-7.912,0.856185,9.58586,0.0194027,0.807902,0.199864,9.63893,1.07899,0.0207429
2.57,98.1,-17.2,0.14973,2.40015,-8.084,0.887392,9.64309,0.0214818,0.9046,0.216087,9.70038,1.07899,0.0207427
2.58,98.1,-17.2,0.158761,2.49686,-8.256,0.918822,9.69973,0.0237275,1.00191,0.233168,9.76137,1.07909,0.0178119
2.59,98.1,-17.2,0.168107,2.59414,-8.428,0.950459,9.75576,0.0261483,1.09983,0.251122,9.8219,1.07908,0.0177776
2.6,98.1,-17.2,0.17777,2.69197,-8.6,0.982287,9.81119,0.0287531,1.19835,0.269967,9.88195,1.07916,0.0148128
2.61,98.1,-17.2,0.187753,2.79036,-8.772,1.01429,9.86603,0.0315509,1.29747,0.289714,9.94153,1.07916,0.0148126
2.62,98.1,-17.2,0.198056,2.88929,-8.944,1.04645,9.92028,0.0345507,1.39718,0.310379,10.0006,1.07924,0.0118134
2.63,98.1,-17.2,0.208682,2.98876,-9.116,1.07876,9.97394,0.0377618,1.49748,0.331972,10.0592,1.07922,0.0117791
2.64,98.1,-17.2,0.219632,3.08877,-9.288,1.11121,10.027,0.0411935,1.59836,0.354504,10.1173,1.07928,0.00874603
2.65,98.1,-17.2,0.230907,3.1893,-9.46,1.14377,10.0795,0.0448554,1.69983,0.377985,10.1749,1.07928,0.00874584
2.66,98.1,-17.2,0.242508,3.29035,-9.632,1.17645,10.1315,0.0487568,1.80186,0.402422,10.2319,1.07933,0.00567826
2.67,98.1,-17.2,0.254436,3.39192,-9.804,1.20923,10.1829,0.0529074,1.90447,0.427822,10.2884,1.07931,0.005644
2.68,98.1,0,0.266691,3.49401,-9.804,1.24161,10.2338,0.0573168,2.00763,0.45419,10.3444,1.07934,0.00254255
2.69,98.1,0,0.279265,3.5966,-9.804,1.27311,10.2843,0.0619948,2.11136,0.481533,10.3998,1.07934,0.00254236
2.7,98.1,0,0.29215,3.69969,-9.804,1.30373,10.3345,0.0669511,2.21563,0.509847,10.4547,1.07935,-0.000593532
2.71,98.1,0,0.305336,3.80328,-9.804,1.33347,10.3843,0.0721954,2.32045,0.539128,10.5089,1.07934,-0.000627762
2.72,98.1,17.2,0.318814,3.90737,-9.632,1.36184,10.4339,0.0777373,2.42581,0.569369,10.5625,1.07933,-0.00379749
2.73,98.1,17.2,0.332566,4.01196,-9.46,1.38837,10.4833,0.0835864,2.5317,0.60056,10.6156,1.07933,-0.00379768
2.74,98.1,17.2,0.346575,4.11704,-9.288,1.41308,10.5326,0.0897521,2.63812,0.632682,10.6679,1.07931,-0.00700182
2.75,0,17.2,0.360606,4.22126,-9.116,1.39704,10.3346,0.0961751,2.74467,0.645929,10.608,1.0793,-0.007036
2.76,0,17.2,0.374552,4.32394,-8.944,1.39222,10.201,0.102617,2.84998,0.642531,10.4543,1.07926,-0.0102739
2.77,0,17.2,0.38845,4.42528,-8.772,1.38748,10.0684,0.109026,2.95376,0.639199,10.3023,1.07926,-0.0102741
2.78,0,17.2,0.402302,4.52531,-8.6,1.38282,9.93662,0.115402,3.05603,0.635932,10.1518,1.07921,-0.0135464
2.79,0,17.2,0.416107,4.62402,-8.428,1.37823,9.80572,0.121745,3.1568,0.63273,10.0028,1.07919,-0.0135805
2.8,0,17.2,0.429867,4.72142,-8.256,1.37372,9.67568,0.128056,3.25609,0.62959,9.85532,1.07913,-0.0168865
2.81,0,17.2,0.443582,4.81753,-8.084,1.36928,9.54648,0.134337,3.35392,0.626512,9.70927,1.07913,-0.0168867
2.82,0,17.2,0.457253,4.91236,-7.912,1.36492,9.4181,0.140587,3.45028,0.623494,9.56464,1.07904,-0.020227
2.83,0,17.2,0.47088,5.0059,-7.74,1.36062,9.29052,0.146807,3.54521,0.620535,9.42139,1.07903,-0.020261
2.84,0,17.2,0.484465,5.09817,-7.568,1.3564,9.16374,0.152998,3.63872,0.617635,9.27948,1.07892,-0.0236349
2.85,0,17.2,0.498009,5.18918,-7.396,1.35225,9.03772,0.15916,3.73081,0.614791,9.13888,1.07892,-0.0236351
2.86,0,17.2,0.511511,5.27893,-7.224,1.34816,8.91247,0.165294,3.8215,0.612003,8.99956,1.07881,-0.0270433
2.87,0,17.2,0.524972,5.36743,-7.052,1.34415,8.78796,0.1714,3.9108,0.60927,8.86149,1.07879,-0.0270772
2.88,0,17.2,0.538394,5.45469,-6.88,1.33929,8.66051,0.177479,3.99873,0.607955,8.73014,1.07865,-0.0305189
2.89,0,17.2,0.551696,5.5404,-6.708,1.3221,8.48432,0.183652,4.08578,0.625278,8.67403,1.07865,-0.0305191
2.9,0,17.2,0.564858,5.62447,-6.536,1.31266,8.33997,0.189951,4.17208,0.631104,8.57219,1.0785,-0.0339948
2.91,0,17.2,0.577966,5.70726,-6.364,1.309,8.21874,0.196249,4.25713,0.628419,8.43783,1.07848,-0.0340287
2.92,0,17.2,0.591038,5.78885,-6.192,1.3054,8.09817,0.20252,4.34084,0.625787,8.30459,1.07831,-0.0375379
2.93,0,17.2,0.604075,5.86923,-6.02,1.30186,7.97825,0.208765,4.42322,0.623207,8.17246,1.07831,-0.0375381
2.94,0,17.2,0.617076,5.94841,-5.848,1.29838,7.85897,0.214984,4.50429,0.620679,8.0414,1.07813,-0.0410813
2.95,0,17.2,0.630042,6.02641,-5.676,1.29497,7.74031,0.221179,4.58405,0.618201,7.91139,1.07811,-0.041115
2.96,0,17.2,0.642975,6.10322,-5.504,1.29161,7.62227,0.227349,4.66252,0.615773,7.78241,1.0779,-0.0446915
2.97,0,17.2,0.655875,6.17886,-5.332,1.28831,7.50482,0.233494,4.73971,0.613393,7.65443,1.0779,-0.0446917
2.98,0,17.2,0.668723,6.25326,-5.16,1.28039,7.3722,0.239645,4.81571,0.618071,7.55104,1.07768,-0.0483021
2.99,0,17.2,0.68147,6.32626,-4.988,1.27069,7.23426,0.245875,4.89079,0.625552,7.45737,1.07766,-0.0483357
3,0,17.2,0.694157,6.39801,-4.816,1.26713,7.11714,0.252126,4.96476,0.623957,7.33421,1.07742,-0.0519792
3.01,0,17.2,0.706813,6.46861,-4.644,1.2641,7.00216,0.258354,5.03748,0.621684,7.20957,1.07742,-0.0519794
3.02,0,17.2,0.719439,6.53806,-4.472,1.26113,6.88772,0.26456,5.10895,0.619458,7.08583,1.07716,-0.0556567
3.03,0,17.2,0.732036,6.60636,-4.3,1.25821,6.7738,0.270743,5.1792,0.617278,6.96296,1.07714,-0.0556901
3.04,0,17.2,0.744604,6.67353,-4.128,1.25446,6.65767,0.276905,5.24822,0.616485,6.84504,1.07686,-0.0594004
3.05,0,17.2,0.757104,6.73945,-3.956,1.24643,6.52899,0.283105,5.3162,0.622217,6.7475,1.07686,-0.0594006
3.06,0,17.2,0.769545,6.80415,-3.784,1.24245,6.41296,0.289331,5.38311,0.62199,6.6325,1.07656,0.100356
3.07,0,17.2,0.781956,6.86772,-3.612,1.23977,6.30113,0.295541,5.44884,0.619941,6.5127,1.07736,0.0999494
3.08,0,17.2,0.794341,6.93018,-3.44,1.23702,6.18942,0.30173,5.51337,0.618119,6.39422,1.07786,0.259301
3.09,0,17.2,0.806687,6.99148,-3.268,1.23214,6.07194,0.307918,5.57677,0.619614,6.28582,1.07786,0.259302
3.1,0,17.2,0.818983,7.05161,-3.096,1.22746,5.95545,0.314124,5.63909,0.620911,6.17734,1.07916,0.418252
3.11,0,17.2,0.831242,7.11061,-2.924,1.2244,5.84383,0.320328,5.70029,0.619901,6.06292,1.07995,0.417857
3.12,0,17.2,0.84347,7.16849,-2.752,1.22112,5.73193,0.326523,5.76035,0.619341,5.95027,1.08204,0.576414
3.13,0,17.2,0.855661,7.22524,-2.58,1.2172,5.61863,0.33272,5.81931,0.61984,5.84102,1.08204,0.576414
3.14,0,17.2,0.867814,7.28087,-2.408,1.2136,5.50652,0.33892,5.87718,0.619971,5.73125,1.08492,0.73458
3.15,0,17.2,0.879934,7.33538,-2.236,1.21038,5.39573,0.345118,5.93394,0.619651,5.62077,1.08572,0.734195
3.16,0,17.2,0.892021,7.38878,-2.064,1.20706,5.28499,0.351314,5.9896,0.619584,5.51143,1.08938,0.891977
3.17,0,17.2,0.904075,7.44107,-1.892,1.20369,5.1744,0.357511,6.04417,0.619705,5.40303,1.08939,0.891978
3.18,0,17.2,0.916095,7.49227,-1.72,1.20049,5.06454,0.363708,6.09766,0.619681,5.29471,1.09385,1.04938
3.19,0,17.2,0.928084,7.54237,-1.548,1.1974,4.95525,0.369905,6.15007,0.619596,5.18667,1.09463,1.049
3.2,0,17.2,0.940043,7.59137,-1.376,1.19432,4.84626,0.376101,6.2014,0.619595,5.07927,1.09988,1.20603
3.21,0,17.2,0.95197,7.63929,-1.204,1.19129,4.73767,0.382298,6.25165,0.619618,4.97235,1.09988,1.20603
3.22,0,17.2,0.963868,7.68613,-1.032,1.18836,4.62957,0.388494,6.30085,0.619604,4.86574,1.10591,1.36269
3.23,0,17.2,0.975738,7.73188,-0.86,1.1855,4.52188,0.39469,6.34897,0.619589,4.75953,1.10669,1.36233
3.24,0,17.2,0.987578,7.77657,-0.688,1.18269,4.41456,0.400887,6.39604,0.6196,4.65376,1.1135,1.51862
3.25,0,17.2,0.999391,7.82018,-0.516,1.17994,4.30763,0.407083,6.44205,0.619613,4.54838,1.1135,1.51862
3.26,0,17.2,1.01118,7.86272,-0.344,1.17726,4.20108,0.41328,6.48701,0.619621,4.44335,1.12109,1.67456
3.27,0,17.2,1.02294,7.9042,-0.172,1.17465,4.0949,0.419476,6.53092,0.619636,4.33869,1.12187,1.67421
3.28,0,17.2,1.03467,7.94462,6.10623e-16,1.17209,3.98907,0.425673,6.57379,0.61966,4.2344,1.13024,1.82979
3.29,0,17.2,1.04638,7.98398,0.172,1.1696,3.88359,0.43187,6.61561,0.619687,4.13045,1.13024,1.82979
3.3,0,17.2,1.05806,8.02229,0.344,1.16717,3.77844,0.438067,6.6564,0.619717,4.02683,1.13939,1.98502
3.31,0,17.2,1.06972,8.05955,0.516,1.16479,3.67362,0.444265,6.69615,0.619753,3.92355,1.14017,1.98468
3.32,0,17.2,1.08136,8.09576,0.688,1.16248,3.5691,0.450463,6.73487,0.619796,3.82059,1.15009,2.13957
3.33,0,17.2,1.09297,8.13093,0.86,1.16022,3.4649,0.456662,6.77256,0.619845,3.71793,1.15009,2.13957
3.34,0,17.2,1.10456,8.16506,1.032,1.15803,3.36099,0.462861,6.80923,0.619899,3.61558,1.16079,2.29412
3.35,0,17.2,1.11613,8.19815,1.204,1.15589,3.25736,0.46906,6.84488,0.61996,3.51352,1.16156,2.29378
3.36,0,17.2,1.12768,8.23021,1.376,1.1538,3.15401,0.475261,6.8795,0.620028,3.41174,1.17303,2.448
3.37,0,17.2,1.13921,8.26123,1.548,1.15177,3.05093,0.481462,6.91311,0.620103,3.31023,1.17303,2.448
3.38,0,17.2,1.15071,8.29122,1.72,1.1498,2.94811,0.487663,6.94571,0.620186,3.20899,1.18527,2.60189
3.39,0,17.2,1.1622,8.32019,1.892,1.14788,2.84553,0.493866,6.9773,0.620277,3.10801,1.18604,2.60156
3.4,-98.1,17.2,1.17373,8.34651,2.064,1.15793,2.41784,0.500066,7.00787,0.619504,3.00553,1.19905,2.75513
3.41,-98.1,17.2,1.18536,8.36855,2.236,1.16923,1.99114,0.506256,7.03741,0.61857,2.90297,1.19905,2.75513
3.42,-98.1,17.2,1.19712,8.38633,2.408,1.18165,1.56504,0.512437,7.06593,0.617668,2.80071,1.21282,2.90837
3.43,-98.1,17.2,1.209,8.39985,2.58,1.19516,1.13943,0.51861,7.09342,0.616798,2.69873,1.21359,2.90805
3.44,-98.1,17.2,1.22102,8.40912,2.752,1.20976,0.714212,0.524774,7.1199,0.615961,2.59703,1.22813,3.06098
3.45,-98.1,0,1.2332,8.41414,2.752,1.22493,0.289266,0.530929,7.14537,0.615154,2.4956,1.22813,3.06098
3.46,-98.1,0,1.24552,8.41491,2.752,1.24012,-0.135489,0.537077,7.16982,0.614379,2.39442,1.24344,3.2136
3.47,-98.1,0,1.258,8.41143,2.752,1.25528,-0.560059,0.543217,7.19325,0.613635,2.29348,1.2442,3.2133
3.48,-98.1,0,1.27063,8.40371,2.752,1.27035,-0.984398,0.54935,7.21569,0.612922,2.19277,1.26026,3.36561
3.49,-98.1,0,1.28341,8.39174,2.752,1.28531,-1.40842,0.555475,7.23711,0.61224,2.09228,1.26026,3.36561
3.5,-98.1,0,1.29633,8.37554,2.752,1.30011,-1.83202,0.561594,7.25753,0.611588,1.992,1.27709,3.51763
3.51,-98.1,0,1.30941,8.3551,2.752,1.31475,-2.25508,0.567707,7.27695,0.610965,1.89193,1.27785,3.51733
3.52,-98.1,0,1.32263,8.33044,2.752,1.32922,-2.6775,0.573814,7.29537,0.610373,1.79204,1.29544,3.66905
3.53,-98.1,0,1.33599,8.30156,2.752,1.3435,-3.09915,0.579915,7.31279,0.60981,1.69233,1.29544,3.66905
3.54,-98.1,0,1.3495,8.26846,2.752,1.35759,-3.51993,0.58601,7.32922,0.609276,1.59279,1.31378,3.82047
3.55,-98.1,0,1.36314,8.23116,2.752,1.37149,-3.93971,0.5921,7.34465,0.608771,1.49341,1.31454,3.82019
3.56,-98.1,0,1.37693,8.18967,2.752,1.38518,-4.35838,0.598186,7.35909,0.608294,1.39418,1.33364,3.97133
3.57,-98.1,0,1.39085,8.144,2.752,1.39866,-4.77583,0.604266,7.37253,0.607845,1.29509,1.33364,3.97133
3.58,-98.1,0,1.4049,8.09416,2.752,1.41194,-5.19194,0.610343,7.38499,0.607424,1.19612,1.3535,4.12219
3.59,-98.1,0,1.41908,8.04016,2.752,1.425,-5.60661,0.616415,7.39646,0.60703,1.09728,1.35425,4.12191
3.6,-98.1,0,1.4334,7.98203,2.752,1.43784,-6.01973,0.622483,7.40693,0.606663,0.998543,1.37486,4.2725
3.61,-98.1,0,1.44784,7.91977,2.752,1.45047,-6.43119,0.628548,7.41643,0.606321,0.899908,1.37486,4.2725
3.62,-98.1,0,1.46241,7.85341,2.752,1.46287,-6.84088,0.63461,7.42493,0.606004,0.801364,1.39622,4.42281
3.63,-98.1,0,1.4771,7.78296,2.752,1.47504,-7.24869,0.640668,7.43245,0.605712,0.7029,1.39698,4.42254
3.64,-98.1,0,1.49191,7.70845,2.752,1.48699,-7.65454,0.646724,7.43899,0.605442,0.604509,1.41909,4.57258
3.65,-98.1,0,1.50684,7.62988,2.752,1.49871,-8.05832,0.652777,7.44454,0.605193,0.50618,1.41909,4.57258
3.66,-98.1,0,1.52188,7.54729,2.752,1.5102,-8.45992,0.658828,7.44912,0.604964,0.407906,1.44195,4.72236
3.67,-98.1,0,1.53704,7.46069,2.752,1.52146,-8.85926,0.664877,7.4527,0.604751,0.30968,1.4427,4.7221
3.68,-98.1,0,1.55231,7.37011,2.752,1.53249,-9.25625,0.670923,7.45531,0.604552,0.211494,1.46631,4.87163
3.69,-98.1,0,1.56769,7.27557,2.752,1.54328,-9.65078,0.676968,7.45693,0.604362,0.113343,1.46631,4.87163
3.7,-98.1,0,1.58317,7.1771,2.752,1.55383,-10.0428,0.68301,7.45758,0.604179,0.0152235,1.49067,5.02089
3.71,-98.1,0,1.59876,7.07472,2.752,1.56415,-10.4322,0.689051,7.45724,0.603996,-0.0828663,1.49141,5.02064
3.72,-98.1,0,1.61446,6.96847,2.752,1.57423,-10.8188,0.69509,7.45592,0.603809,-0.180925,1.51652,5.16966
3.73,-98.1,0,1.63025,6.85836,2.752,1.58408,-11.2027,0.701127,7.45362,0.603614,-0.278951,1.51652,3.89311
3.74,-98.1,0,1.64614,6.74442,2.752,1.59368,-11.5838,0.707163,7.45034,0.603406,-0.376938,1.53598,0.481473
3.75,-98.1,0,1.66212,6.62669,2.752,1.60305,-11.9619,0.713196,7.44608,0.603183,-0.47488,1.51892,-2.04375
3.76,-98.1,0,1.6782,6.5052,2.752,1.61219,-12.3369,0.719226,7.44084,0.602942,-0.572771,1.49608,-1.23224
3.77,-98.1,0,1.69436,6.37996,2.752,1.62108,-12.7089,0.725254,7.43463,0.602681,-0.670601,1.51574,-2.85578
3.78,-98.1,0,1.71062,6.25103,2.752,1.01353,-12.3376,0.73128,7.42743,1.52671,-1.87866,1.50147,-4.71781
3.79,0,0,1.70092,6.15199,2.752,-2.37849,-8.16323,0.776236,7.37129,6.6009,-8.3125,1.49215,-2.68585
3.8,0,0,1.67404,6.0741,2.752,-2.68455,-7.82653,0.846744,7.28173,7.03048,-8.97898,1.48889,-2.52239
3.81,0,0,1.64723,5.99546,2.752,-2.67713,-7.90285,0.916848,7.1917,6.99048,-9.02573,1.4821,-3.19658
3.82,0,0,1.62049,5.91605,2.752,-2.66966,-7.97877,0.986554,7.10122,6.95067,-9.07214,1.46612,-3.02905
3.83,0,0,1.59383,5.83588,2.752,-2.66215,-8.05429,1.05586,7.01026,6.91104,-9.11824,1.46696,-3.02935
3.84,0,0,1.56725,5.75496,2.752,-2.65461,-8.12942,1.12478,6.91885,6.8716,-9.16402,1.45181,-2.86213
3.85,0,0,1.54074,5.67329,2.752,-2.64702,-8.20415,1.19329,6.82698,6.83233,-9.20948,1.45181,-2.86213
3.86,0,0,1.51431,5.59088,2.752,-2.6394,-8.27847,1.26142,6.73466,6.79325,-9.25461,1.4375,-2.69521
3.87,0,0,1.48796,5.50773,2.752,-2.63173,-8.35239,1.32916,6.64189,6.75435,-9.29943,1.43833,-2.69551
3.88,0,0,1.46168,5.42383,2.752,-2.62403,-8.42591,1.39651,6.54868,6.71562,-9.34393,1.42485,-2.52888
3.89,0,0,1.43547,5.33921,2.752,-2.61629,-8.49902,1.46347,6.45502,6.67707,-9.38811,1.42485,-2.52888
3.9,0,0,1.40935,5.25386,2.752,-2.60852,-8.57172,1.53005,6.36091,6.6387,-9.43198,1.41221,-2.36254
3.91,0,0,1.3833,5.16778,2.752,-2.60071,-8.64402,1.59625,6.26638,6.6005,-9.47552,1.41304,-2.36283
3.92,0,0,1.35734,5.08098,2.752,-2.59287,-8.7159,1.66206,6.17141,6.56247,-9.51875,1.40123,-2.19678
3.93,0,0,1.33145,4.99346,2.752,-2.58499,-8.78738,1.7275,6.076,6.52462,-9.56167,1.40123,-2.19678
3.94,0,0,1.30564,4.90523,2.752,-2.57709,-8.85844,1.79256,5.98017,6.48695,-9.60427,1.39024,-2.03101
3.95,0,0,1.27991,4.81629,2.752,-2.56914,-8.92909,1.85724,5.88392,6.44944,-9.64656,1.39107,-2.03129
3.96,0,0,1.25425,4.72665,2.752,-2.56117,-8.99933,1.92155,5.78724,6.41211,-9.68853,1.38091,-1.8658
3.97,0,0,1.22868,4.63631,2.752,-2.55317,-9.06916,1.98548,5.69015,6.37494,-9.7302,1.38092,-1.8658
3.98,0,0,1.20319,4.54527,2.752,-2.54514,-9.13857,2.04904,5.59264,6.33795,-9.77155,1.37159,-1.70059
3.99,0,0,1.17778,4.45354,2.752,-2.53707,-9.20756,2.11224,5.49472,6.30113,-9.81259,1.37241,-1.70086
4,0,0,1.15245,4.36112,2.752,-2.52898,-9.27614,2.17507,5.39639,6.26447,-9.85332,1.36391,-1.53592
4.01,0,0,1.1272,4.26802,2.752,-2.16544,-9.01471,2.23753,5.29765,5.69484,-10.3881,1.36391,-1.53592
4.02,0,0,1.11887,4.18946,2.752,0.168023,-7.00576,2.27439,5.17571,2.17493,-13.537,1.35623,-1.37124
4.03,0,0,1.12322,4.12126,2.752,0.433902,-6.86052,2.29207,5.03692,1.76242,-13.8795,1.35705,-1.3715
4.04,0,0,1.12755,4.05225,2.752,0.432903,-6.94271,2.30963,4.89812,1.75013,-13.8805,1.35019,-1.20709
4.05,0,0,1.13187,3.98241,2.752,0.431894,-7.02452,2.32707,4.75931,1.73793,-13.8815,1.35019,-1.20708
4.06,0,0,1.13619,3.91176,2.752,0.430877,-7.10595,2.34439,4.62049,1.72582,-13.8825,1.34416,-1.04293
4.07,0,0,1.14049,3.84029,2.752,0.429849,-7.18699,2.36159,4.48166,1.71379,-13.8835,1.34498,-1.04318
4.08,0,0,1.14478,3.76802,2.752,0.428813,-7.26765,2.37867,4.34282,1.70184,-13.8844,1.33976,-0.87928
4.09,0,0,1.14907,3.69494,2.752,0.427768,-7.34792,2.39563,4.20397,1.68998,-13.8854,1.33976,-0.87928
4.1,0,0,1.15334,3.62106,2.752,0.426714,-7.4278,2.41247,4.06511,1.6782,-13.8864,1.33537,-0.715628
4.11,0,0,1.1576,3.54639,2.752,0.425652,-7.50728,2.42919,3.92624,1.66651,-13.8874,1.33618,-0.715875
4.12,0,0,1.16185,3.47092,2.752,0.424581,-7.58636,2.4458,3.78736,1.65489,-13.8884,1.3326,-0.552469
4.13,0,0,1.16609,3.39466,2.752,0.423501,-7.66505,2.46229,3.64847,1.64336,-13.8893,1.3326,-0.552468
4.14,0,0,1.17032,3.31762,2.752,0.422413,-7.74333,2.47867,3.50957,1.63191,-13.8903,1.32984,-0.389305
4.15,0,0,1.17454,3.23979,2.752,0.421317,-7.82121,2.49493,3.37067,1.62054,-13.8913,1.33066,-0.389544
4.16,0,0,1.17875,3.16119,2.752,0.420213,-7.89869,2.51108,3.23175,1.60925,-13.8922,1.32871,-0.22662
4.17,0,0,1.18295,3.08182,2.752,0.419101,-7.97576,2.52711,3.09282,1.59803,-13.8932,1.32871,-0.226619
4.18,0,0,1.18713,3.00168,2.752,0.417982,-8.05242,2.54304,2.95389,1.5869,-13.8941,1.32758,-0.0639296
4.19,0,0,1.19131,2.92077,2.752,0.416855,-8.12868,2.55885,2.81494,1.57584,-13.8951,1.32839,-0.0641607
4.2,0,0,1.19547,2.83911,2.752,0.41572,-8.20452,2.57456,2.67598,1.56486,-13.896,1.32807,0.098298
4.21,0,0,1.19962,2.75669,2.752,0.414578,-8.27994,2.59015,2.53702,1.55396,-13.897,1.32807,0.0982989
4.22,0,0,1.20376,2.67351,2.752,0.413429,-8.35495,2.60563,2.39804,1.54313,-13.8979,1.32856,0.26053
4.23,0,0,1.20789,2.58959,2.752,0.412272,-8.42955,2.62101,2.25906,1.53238,-13.8988,1.32937,0.260307
4.24,0,0,1.21201,2.50492,2.752,0.411109,-8.50372,2.63628,2.12007,1.5217,-13.8998,1.33067,0.422315
4.25,0,0,1.21611,2.41951,2.752,0.496427,-8.6039,2.65145,1.98107,1.38137,-13.861,1.33067,0.422316
4.26,0,0,1.2271,2.33118,2.752,1.62016,-9.03811,2.65618,1.84533,-0.312476,-13.3233,1.33278,0.584104
4.27,0,0,1.24618,2.23944,2.752,2.01005,-9.24578,2.64871,1.71356,-0.901356,-13.127,1.33359,0.583888
4.28,0,0,1.26625,2.14664,2.752,2.0037,-9.31451,2.63973,1.58223,-0.895443,-13.1387,1.33651,0.745462
4.29,0,0,1.28625,2.05315,2.752,1.99732,-9.38282,2.6308,1.45078,-0.889564,-13.1502,1.33651,0.745463
4.3,0,0,1.3062,1.95899,2.752,1.99092,-9.4507,2.62194,1.31922,-0.883719,-13.1616,1.34024,0.906823
4.31,0,0,1.32607,1.86414,2.752,1.9845,-9.51817,2.61313,1.18755,-0.877907,-13.1728,1.34105,0.906615
4.32,0,0,1.34589,1.76862,2.752,1.97806,-9.58521,2.60438,1.05577,-0.872128,-13.1839,1.34558,1.06777
4.33,0,0,1.36563,1.67244,2.752,1.9716,-9.65182,2.59569,0.923876,-0.866384,-13.1948,1.34558,1.06777
4.34,0,0,1.38532,1.57559,2.752,1.96511,-9.71802,2.58705,0.791874,-0.860672,-13.2056,1.35092,1.22872
4.35,0,0,1.40494,1.47808,2.752,1.95861,-9.78379,2.57847,0.659764,-0.854994,-13.2162,1.35172,1.22852
4.36,0,0,1.42449,1.37992,2.752,1.95208,-9.84914,2.56995,0.527549,-0.849349,-13.2268,1.35786,1.38926
4.37,0,0,1.44398,1.2811,2.752,1.94554,-9.91406,2.56149,0.39523,-0.843736,-13.2371,1.35787,1.38927
4.38,0,0,1.4634,1.18164,2.752,1.93898,-9.97856,2.55308,0.262807,-0.838157,-13.2474,1.36481,1.54982
4.39,0,0,1.48276,1.08153,2.752,1.9324,-10.0426,2.54472,0.130282,-0.832611,-13.2575,1.36561,1.54962
4.4,0,0,1.50205,0.980784,2.752,1.92581,-10.1063,2.53642,-0.00234268,-0.827097,-13.2675,1.37336,1.70998
4.41,0,0,1.52127,0.879404,2.752,1.91919,-10.1695,2.52818,-0.135067,-0.821616,-13.2773,1.37336,1.70998
4.42,0,0,1.54043,0.777395,2.752,1.91257,-10.2323,2.51999,-0.267889,-0.816167,-13.2871,1.38191,1.87015
4.43,0,0,1.55952,0.674759,2.752,1.90592,-10.2947,2.51186,-0.400807,-0.810751,-13.2967,1.38271,1.86996
4.44,0,0,1.57855,0.571502,2.752,1.89926,-10.3567,2.50378,-0.533821,-0.805367,-13.3061,1.39206,2.02995
4.45,0,0,1.59751,0.467627,2.752,1.89259,-10.4182,2.49575,-0.66693,-0.800015,-13.3155,1.39206,2.02995
4.46,0,0,1.6164,0.363139,2.752,1.8859,-10.4793,2.48778,-0.800131,-0.794695,-13.3247,1.40221,2.18975
4.47,0,0,1.63523,0.258042,2.752,1.8792,-10.54,2.47986,-0.933423,-0.789407,-13.3338,1.40301,2.18957
4.48,0,0,1.65399,0.15234,2.752,1.87249,-10.6003,2.47199,-1.06681,-0.784151,-13.3428,1.41396,2.34919
4.49,0,0,1.67268,0.0460373,2.752,1.86577,-10.6602,2.46417,-1.20028,-0.778926,-13.3517,1.41396,2.34919
4.5,0,0,1.6913,-0.0608618,2.752,1.85903,-10.7196,2.45641,-1.33384,-0.773733,-13.3604,1.4257,2.50864
4.51,0,0,1.70986,-0.168353,2.752,1.85228,-10.7786,2.4487,-1.46749,-0.768571,-13.3691,1.4265,2.50847
4.52,0,0,1.72846,-0.276638,2.752,1.91384,-10.963,2.44087,-1.60091,-0.865896,-13.1891,1.43904,2.66775
4.53,0,0,1.74902,-0.389309,2.752,2.1499,-11.4818,2.43005,-1.72873,-1.22483,-12.5096,1.43904,2.66775
4.54,0,0,1.77066,-0.504759,2.752,2.1601,-11.5715,2.41756,-1.85338,-1.24502,-12.4745,1.45238,2.82686
4.55,0,0,1.79222,-0.620736,2.752,2.15162,-11.6239,2.40515,-1.97822,-1.23724,-12.4943,1.45318,2.82669
4.56,0,0,1.81369,-0.737237,2.752,2.14314,-11.676,2.39282,-2.10326,-1.22949,-12.5138,1.46731,2.98564
4.57,0,0,1.83508,-0.854256,2.752,2.13466,-11.7277,2.38056,-2.2285,-1.22178,-12.5331,1.46731,2.98564
4.58,0,0,1.85639,-0.97179,2.752,2.12618,-11.779,2.36838,-2.35393,-1.2141,-12.5522,1.48224,3.14443
4.59,0,0,1.87761,-1.08984,2.752,2.11769,-11.83,2.35628,-2.47954,-1.20647,-12.571,1.48303,3.14427
4.6,0,0,1.89874,-1.20839,2.752,2.10921,-11.8805,2.34425,-2.60535,-1.19887,-12.5896,1.49875,3.3029
4.61,0,0,1.91979,-1.32744,2.752,2.10073,-11.9306,2.3323,-2.73133,-1.19131,-12.608,1.49875,3.14273
4.62,0,0,1.94076,-1.447,2.752,2.09224,-11.9803,2.32043,-2.85751,-1.18378,-12.6262,1.51447,2.85424
4.63,0,0,1.96164,-1.56705,2.752,2.08376,-12.0296,2.30863,-2.98386,-1.17629,-12.6441,1.51303,0.295918
