time,thrust,tilt,x_drone,y_drone,theta,xdot_drone,ydot_drone
0,49.05,0,0,0,0,0,0
0.01,49.05,0,0,0.000326999,0,0,0.0653995
0.02,0,0,0,0.000490491,0,0,-0.0327007
0.03,0,0,0,-0.000327008,0,0,-0.130798
0.04,0,0,0,-0.00212544,0,0,-0.228887
0.05,0,0,0,-0.0049047,0,0,-0.326961
0.06,0,0,0,-0.0086646,0,0,-0.425014
0.07,0,0,0,-0.0134049,0,0,-0.523039
0.08,0,0,0,-0.0191253,0,0,-0.621029
0.09,0,0,0,-0.0258253,0,0,-0.718979
0.1,0,0,0,-0.0335047,0,0,-0.816883
0.11,0,0,0,-0.0421628,0,0,-0.914732
0.12,0,0,0,-0.0517991,0,0,-1.01252
0.13,0,0,0,-0.062413,0,0,-1.11025
0.14,0,0,0,-0.0740038,0,0,-1.2079
0.15,0,0,0,-0.0865707,0,0,-1.30547
0.16,0,0,0,-0.100113,0,0,-1.40296
0.17,0,0,0,-0.11463,0,0,-1.50036
0.18,0,0,0,-0.13012,0,0,-1.59766
0.19,0,0,0,-0.146582,0,0,-1.69485
0.2,0,0,0,-0.164017,0,0,-1.79194
0.21,0,0,0,-0.182421,0,0,-1.88891
0.22,0,0,0,-0.201794,0,0,-1.98576
0.23,0,0,0,-0.222136,0,0,-2.08248
0.24,0,0,0,-0.243444,0,0,-2.17907
0.25,0,0,0,-0.265717,0,0,-2.27551
0.26,0,0,0,-0.288953,0,0,-2.37181
0.27,0,0,0,-0.313152,0,0,-2.46796
0.28,0,0,0,-0.338312,0,0,-2.56395
0.29,0,0,0,-0.364431,0,0,-2.65978
0.3,0,0,0,-0.391507,0,0,-2.75543
0.31,0,0,0,-0.419539,0,0,-2.85091
0.32,0,0,0,-0.448525,0,0,-2.94621
0.33,0,0,0,-0.478462,0,0,-3.04132
0.34,0,0,0,-0.50935,0,0,-3.13624
0.35,0,0,0,-0.541187,0,0,-3.23096
0.36,0,0,0,-0.573969,0,0,-3.32548
0.37,0,0,0,-0.607696,0,0,-3.41979
0.38,0,0,0,-0.642364,0,0,-3.51388
0.39,0,0,0,-0.677972,0,0,-3.60776
0.4,0,0,0,-0.714518,0,0,-3.7014
0.41,0,0,0,-0.752,0,0,-3.79482
0.42,0,0,0,-0.790414,0,0,-3.888
0.43,0,0,0,-0.829759,0,0,-3.98094
0.44,0,0,0,-0.870032,0,0,-4.07364
0.45,0,0,0,-0.911231,0,0,-4.16608
0.46,0,0,0,-0.953353,0,0,-4.25826
0.47,0,0,0,-0.996395,0,0,-4.35019
0.48,0,0,0,-1.04036,0,0,-4.44185
0.49,0,0,0,-1.08523,0,0,-4.53323
0.5,0,0,0,-1.13102,0,0,-4.62434
0.51,0,0,0,-1.17772,0,0,-4.71517
0.52,0,0,0,-1.22532,0,0,-4.80572
0.53,0,0,0,-1.27383,0,0,-4.89598
0.54,0,0,0,-1.32324,0,0,-4.98594
0.55,0,0,0,-1.37355,0,0,-5.0756
0.56,0,0,0,-1.42475,0,0,-5.16496
0.57,0,0,0,-1.47685,0,0,-5.25402
0.58,0,0,0,-1.52983,0,0,-5.34276
0.59,0,0,0,-1.5837,0,0,-5.43118
0.6,0,0,0,-1.63845,0,0,-5.51929
0.61,0,0,0,-1.69409,0,0,-5.60707
0.62,0,0,0,-1.75059,0,0,-5.69453
0.63,0,0,0,-1.80798,0,0,-5.78165
0.64,0,0,0,-1.86623,0,0,-5.86844
0.65,0,0,0,-1.92534,0,0,-5.95489
0.66,0,0,0,-1.98532,0,0,-6.041
0.67,58.86,0,0,-2.04518,0,0,-5.93096
0.68,58.86,0,0,-2.10394,0,0,-5.82135
0.69,58.86,0,0,-2.16161,0,0,-5.71216
0.7,58.86,0,0,-2.21819,0,0,-5.60339
0.71,58.86,0,0,-2.27368,0,0,-5.49503
0.72,58.86,0,0,-2.32809,0,0,-5.38706
0.73,58.86,0,0,-2.38142,0,0,-5.27948
0.74,58.86,0,0,-2.43368,0,0,-5.17227
0.75,58.86,0,0,-2.48487,0,0,-5.06544
0.76,58.86,0,0,-2.53499,0,0,-4.95897
0.77,58.86,0,0,-2.58405,0,0,-4.85284
0.78,58.86,0,0,-2.63205,0,0,-4.74706
0.79,58.86,0,0,-2.67899,0,0,-4.64162
0.8,58.86,0,0,-2.72488,0,0,-4.5365
0.81,58.86,0,0,-2.76972,0,0,-4.43169
0.82,58.86,0,0,-2.81352,0,0,-4.3272
0.83,58.86,0,0,-2.85627,0,0,-4.22301
0.84,58.86,0,0,-2.89798,0,0,-4.11911
0.85,58.86,0,0,-2.93865,0,0,-4.01549
0.86,58.86,0,0,-2.97829,0,0,-3.91216
0.87,58.86,0,0,-3.01689,0,0,-3.80909
0.88,58.86,0,0,-3.05447,0,0,-3.70628
0.89,58.86,0,0,-3.09102,0,0,-3.60373
0.9,58.86,0,0,-3.12655,0,0,-3.50142
0.91,58.86,0,0,-3.16105,0,0,-3.39935
0.92,58.86,0,0,-3.19453,0,0,-3.29751
0.93,58.86,0,0,-3.227,0,0,-3.1959
0.94,58.86,0,0,-3.25845,0,0,-3.0945
0.95,58.86,0,0,-3.28889,0,0,-2.99331
0.96,58.86,0,0,-3.31832,0,0,-2.89233
0.97,58.86,0,0,-3.34674,0,0,-2.79154
0.98,58.86,0,0,-3.37415,0,0,-2.69093
0.99,58.86,0,0,-3.40056,0,0,-2.59051
1,58.86,0,0,-3.42596,0,0,-2.49025
1.01,58.86,0,0,-3.45036,0,0,-2.39017
1.02,58.86,0,0,-3.47377,0,0,-2.29024
1.03,58.86,0,0,-3.49617,0,0,-2.19047
1.04,58.86,0,0,-3.51758,0,0,-2.09084
1.05,58.86,0,0,-3.53799,0,0,-1.99135
1.06,58.86,0,0,-3.5574,0,0,-1.892
1.07,58.86,0,0,-3.57583,0,0,-1.79276
1.08,58.86,0,0,-3.59326,0,0,-1.69365
1.09,58.86,0,0,-3.6097,0,0,-1.59465
1.1,58.86,0,0,-3.62515,0,0,-1.49575
1.11,58.86,0,0,-3.63962,0,0,-1.39696
1.12,58.86,0,0,-3.65309,0,0,-1.29825
1.13,58.86,0,0,-3.66558,0,0,-1.19963
1.14,58.86,0,0,-3.67709,0,0,-1.10109
1.15,58.86,0,0,-3.6876,0,0,-1.00262
1.16,58.86,0,0,-3.69714,0,0,-0.904217
1.17,58.86,0,0,-3.70569,0,0,-0.805873
1.18,58.86,0,0,-3.71326,0,0,-0.707582
1.19,58.86,0,0,-3.71984,0,0,-0.609337
1.2,58.86,0,0,-3.72544,0,0,-0.511132
1.21,58.86,0,0,-3.73006,0,0,-0.41296
1.22,58.86,0,0,-3.7337,0,0,-0.314816
1.23,58.86,0,0,-3.73636,0,0,-0.216692
1.24,58.86,0,0,-3.73804,0,0,-0.118583
1.25,58.86,0,0,-3.73873,0,0,-0.0204807
1.26,58.86,0,0,-3.73844,0,0,0.0776188
1.27,58.86,0,0,-3.73718,0,0,0.175713
1.28,58.86,0,0,-3.73493,0,0,0.273796
1.29,58.86,0,0,-3.7317,0,0,0.371861
1.3,58.86,0,0,-3.72749,0,0,0.469902
1.31,58.86,0,0,-3.7223,0,0,0.567912
1.32,58.86,0,0,-3.71614,0,0,0.665885
1.33,58.86,0,0,-3.70899,0,0,0.763814
1.34,58.86,0,0,-3.70086,0,0,0.861694
1.35,58.86,0,0,-3.69175,0,0,0.959517
1.36,58.86,0,0,-3.68167,0,0,1.05728
1.37,58.86,0,0,-3.67061,0,0,1.15497
1.38,58.86,0,0,-3.65857,0,0,1.25259
1.39,58.86,0,0,-3.64556,0,0,1.35012
1.4,58.86,0,0,-3.63157,0,0,1.44757
1.41,58.86,0,0,-3.61661,0,0,1.54492
1.42,58.86,0,0,-3.60067,0,0,1.64218
1.43,58.86,0,0,-3.58376,0,0,1.73932
1.44,58.86,0,0,-3.56588,0,0,1.83636
1.45,58.86,0,0,-3.54704,0,0,1.93327
1.46,58.86,0,0,-3.52722,0,0,2.03006
1.47,58.86,0,0,-3.50643,0,0,2.12672
1.48,58.86,0,0,-3.48468,0,0,2.22325
1.49,58.86,0,0,-3.46197,0,0,2.31963
1.5,58.86,0,0,-3.43829,0,0,2.41586
1.51,58.86,0,0,-3.41365,0,0,2.51193
1.52,58.86,0,0,-3.38805,0,0,2.60785
1.53,58.86,0,0,-3.3615,0,0,2.7036
1.54,58.86,0,0,-3.33398,0,0,2.79917
1.55,58.86,0,0,-3.30551,0,0,2.89457
1.56,58.86,0,0,-3.27609,0,0,2.98979
1.57,58.86,0,0,-3.24572,0,0,3.08481
1.58,58.86,0,0,-3.2144,0,0,3.17964
1.59,58.86,0,0,-3.18213,0,0,3.27427
1.6,58.86,0,0,-3.14891,0,0,3.36869
1.61,58.86,0,0,-3.11475,0,0,3.4629
1.62,58.86,0,0,-3.07965,0,0,3.55689
1.63,58.86,0,0,-3.04362,0,0,3.65067
1.64,58.86,0,0,-3.00664,0,0,3.74421
1.65,58.86,0,0,-2.96873,0,0,3.83752
1.66,58.86,0,0,-2.92989,0,0,3.93059
1.67,58.86,0,0,-2.89012,0,0,4.02342
1.68,58.86,0,0,-2.84943,0,0,4.11599
1.69,58.86,0,0,-2.8078,0,0,4.20832
1.7,58.86,0,0,-2.76526,0,0,4.30039
1.71,58.86,0,0,-2.7218,0,0,4.39219
1.72,58.86,0,0,-2.67742,0,0,4.48372
1.73,58.86,0,0,-2.63212,0,0,4.57499
1.74,58.86,0,0,-2.58592,0,0,4.66597
1.75,58.86,0,0,-2.5388,0,0,4.75667
1.76,58.86,0,0,-2.49079,0,0,4.84708
1.77,58.86,0,0,-2.44186,0,0,4.93721
1.78,58.86,0,0,-2.39204,0,0,5.02703
1.79,58.86,0,0,-2.34132,0,0,5.11656
1.8,58.86,0,0,-2.28971,0,0,5.20578
1.81,58.86,0,0,-2.23721,0,0,5.29469
1.82,58.86,0,0,-2.18382,0,0,5.38329
1.83,58.86,0,0,-2.12955,0,0,5.47157
1.84,58.86,0,0,-2.07439,0,0,5.55953
1.85,58.86,0,0,-2.01836,0,0,5.64716
1.86,58.86,0,0,-1.96145,0,0,5.73446
1.87,58.86,0,0,-1.90367,0,0,5.82144
1.88,58.86,0,0,-1.84502,0,0,5.90807
1.89,58.86,0,0,-1.78551,0,0,5.99436
1.9,58.86,0,0,-1.72513,0,0,6.08031
1.91,58.86,0,0,-1.6639,0,0,6.16592
1.92,58.86,0,0,-1.60182,0,0,6.25117
1.93,58.86,0,0,-1.53888,0,0,6.33606
1.94,58.86,0,0,-1.4751,0,0,6.4206
1.95,0,0,0,-1.41145,0,0,6.309
1.96,0,0,0,-1.34891,0,0,6.19786
1.97,0,0,0,-1.28749,0,0,6.08719
1.98,0,0,0,-1.22717,0,0,5.97696
1.99,0,0,0,-1.16795,0,0,5.86717
2,0,0,0,-1.10982,0,0,5.75781
2.01,0,0,0,-1.05279,0,0,5.64886
2.02,0,0,0,-0.996846,0,0,5.54033
2.03,0,0,0,-0.941984,0,0,5.4322
2.04,0,0,0,-0.888201,0,0,5.32445
2.05,0,0,0,-0.835493,0,0,5.21709
2.06,0,0,0,-0.783858,0,0,5.11011
2.07,0,0,0,-0.73329,0,0,5.00348
2.08,0,0,0,-0.683787,0,0,4.89721
2.09,0,0,0,-0.635345,0,0,4.79129
2.1,0,0,0,-0.58796,0,0,4.68571
2.11,0,0,0,-0.541629,0,0,4.58045
2.12,0,0,0,-0.49635,0,0,4.47552
2.13,0,0,0,-0.452118,0,0,4.37089
2.14,0,0,0,-0.408931,0,0,4.26658
2.15,0,17.2,0,-0.366786,0.172,0,4.16256
2.16,0,17.2,0,-0.325679,0.344,0,4.05882
2.17,0,17.2,0,-0.285608,0.516,0,3.95537
2.18,0,17.2,0,-0.246571,0.688,0,3.85219
2.19,0,17.2,0,-0.208564,0.86,0,3.74927
2.2,0,17.2,0,-0.171584,1.032,0,3.64662
2.21,0,17.2,0,-0.13563,1.204,0,3.54421
2.22,0,17.2,0,-0.100699,1.376,0,3.44204
2.23,0,17.2,0,-0.0667888,1.548,0,3.34011
2.24,0,17.2,0,-0.0338965,1.72,0,3.2384
2.25,0,17.2,0,-0.00202009,1.892,0,3.13691
2.26,0,17.2,0,0.0288425,2.064,0,3.03564
2.27,0,17.2,0,0.0586933,2.236,0,2.93457
2.28,0,17.2,0,0.0875345,2.408,0,2.83369
2.29,0,17.2,0,0.115368,2.58,0,2.73301
2.3,0,17.2,0,0.142195,2.752,0,2.63251
2.31,0,17.2,0,0.168019,2.924,0,2.53219
2.32,0,17.2,0,0.19284,3.096,0,2.43203
2.33,0,17.2,0,0.21666,3.268,0,2.33204
2.34,0,17.2,0,0.239481,3.44,0,2.23221
2.35,0,17.2,0,0.261305,3.612,0,2.13252
2.36,0,17.2,0,0.282132,3.784,0,2.03297
2.37,0,17.2,0,0.301964,3.956,0,1.93356
2.38,0,17.2,0,0.320803,4.128,0,1.83428
2.39,0,17.2,0,0.33865,4.3,0,1.73512
2.4,0,17.2,0,0.355506,4.472,0,1.63607
2.41,0,17.2,0,0.371372,4.644,0,1.53713
2.42,0,17.2,0,0.386249,4.816,0,1.43829
2.43,0,17.2,0,0.400138,4.988,0,1.33955
2.44,0,17.2,0,0.41304,5.16,0,1.24089
2.45,0,17.2,0,0.424956,5.332,0,1.14232
2.46,0,17.2,0,0.435887,5.504,0,1.04382
2.47,0,17.2,0,0.445833,5.676,0,0.945391
2.48,0,17.2,0,0.454795,5.848,0,0.847023
2.49,0,17.2,0,0.462774,6.02,0,0.74871
2.5,0,17.2,0,0.469769,6.192,0,0.650447
2.51,0,17.2,0,0.475783,6.364,0,0.552226
2.52,0,17.2,0,0.480814,6.536,0,0.454041
2.53,0,17.2,0,0.484864,6.708,0,0.355886
2.54,0,17.2,0,0.487932,6.88,0,0.257755
2.55,58.86,17.2,-0.000118485,0.490993,7.052,-0.0237939,0.354375
2.56,58.86,17.2,-0.000477815,0.495019,7.224,-0.0481687,0.4509
2.57,58.86,17.2,-0.00108379,0.50001,7.396,-0.0731225,0.547321
2.58,58.86,17.2,-0.00194219,0.505965,7.568,-0.0986534,0.643631
2.59,58.86,17.2,-0.00305877,0.512882,7.74,-0.124759,0.739821
2.6,58.86,17.2,-0.00443928,0.520761,7.912,-0.151438,0.835883
2.61,58.86,17.2,-0.00608943,0.5296,8.084,-0.178687,0.931809
2.62,58.86,17.2,-0.00801492,0.539397,8.256,-0.206505,1.02759
2.63,58.86,17.2,-0.0102214,0.550151,8.428,-0.234889,1.12322
2.64,58.86,17.2,-0.0127146,0.561861,8.6,-0.263837,1.21869
2.65,58.86,17.2,-0.0155,0.574524,8.772,-0.293347,1.31399
2.66,58.86,17.2,-0.0185834,0.58814,8.944,-0.323415,1.40912
2.67,58.86,17.2,-0.0219702,0.602706,9.116,-0.35404,1.50406
2.68,58.86,17.2,-0.0256661,0.618221,9.288,-0.385219,1.59881
2.69,58.86,17.2,-0.0296764,0.634682,9.46,-0.416949,1.69336
2.7,58.86,17.2,-0.0340069,0.652087,9.632,-0.449228,1.7877
2.71,58.86,17.2,-0.0386628,0.670435,9.804,-0.482053,1.88183
2.72,58.86,17.2,-0.0436497,0.689723,9.976,-0.51542,1.97573
2.73,58.86,17.2,-0.048973,0.709949,10.148,-0.549328,2.06941
2.74,58.86,17.2,-0.0546381,0.73111,10.32,-0.583773,2.16284
2.75,58.86,17.2,-0.0606503,0.753205,10.492,-0.618752,2.25602
2.76,58.86,0,-0.0670139,0.77623,10.492,-0.653972,2.34901
2.77,58.86,0,-0.0737295,0.800185,10.492,-0.689143,2.44184
2.78,58.86,0,-0.0807966,0.825066,10.492,-0.724261,2.53452
2.79,58.86,0,-0.0882146,0.850874,10.492,-0.759325,2.62703
2.8,58.86,0,-0.0959829,0.877606,10.492,-0.794332,2.71937
2.81,58.86,0,-0.104101,0.905261,10.492,-0.829279,2.81153
2.82,58.86,0,-0.112568,0.933836,10.492,-0.864166,2.90351
2.83,58.86,0,-0.121384,0.963331,10.492,-0.898989,2.9953
2.84,58.86,0,-0.130548,0.993742,10.492,-0.933746,3.0869
2.85,58.86,0,-0.140059,1.02507,10.492,-0.968436,3.1783
2.86,58.86,0,-0.149916,1.05731,10.492,-1.00306,3.2695
2.87,58.86,0,-0.16012,1.09046,10.492,-1.0376,3.36049
2.88,58.86,0,-0.170668,1.12452,10.492,-1.07208,3.45126
2.89,58.86,0,-0.181561,1.15948,10.492,-1.10648,3.54181
2.9,58.86,0,-0.192797,1.19535,10.492,-1.14079,3.63213
2.91,58.86,0,-0.204377,1.23212,10.492,-1.17503,3.72223
2.92,58.86,0,-0.216298,1.2698,10.492,-1.20919,3.81208
2.93,58.86,0,-0.22856,1.30836,10.492,-1.24327,3.9017
2.94,58.86,0,-0.241163,1.34783,10.492,-1.27725,3.99107
2.95,58.86,0,-0.254105,1.38818,10.492,-1.31115,4.08019
2.96,58.86,0,-0.267386,1.42943,10.492,-1.34496,4.16905
2.97,58.86,0,-0.281004,1.47157,10.492,-1.37868,4.25765
2.98,58.86,0,-0.294959,1.51458,10.492,-1.4123,4.34598
2.99,58.86,0,-0.30925,1.55848,10.492,-1.44583,4.43405
3,58.86,0,-0.323875,1.60326,10.492,-1.47926,4.52184
3.01,58.86,0,-0.338834,1.64892,10.492,-1.51259,4.60934
3.02,58.86,0,-0.354127,1.69545,10.492,-1.54582,4.69657
3.03,58.86,0,-0.369751,1.74285,10.492,-1.57895,4.7835
3.04,58.86,0,-0.385705,1.79112,10.492,-1.61198,4.87014
3.05,58.86,0,-0.40199,1.84025,10.492,-1.64489,4.95648
3.06,58.86,0,-0.418603,1.89025,10.492,-1.67771,5.04252
3.07,58.86,0,-0.435544,1.9411,10.492,-1.71041,5.12826
3.08,58.86,0,-0.452811,1.99281,10.492,-1.743,5.21368
3.09,58.86,0,-0.470403,2.04537,10.492,-1.77547,5.29879
3.1,58.86,0,-0.48832,2.09879,10.492,-1.80784,5.38357
3.11,58.86,0,-0.506559,2.15304,10.492,-1.84008,5.46804
3.12,58.86,0,-0.525121,2.20815,10.492,-1.87221,5.55218
3.13,58.86,0,-0.544003,2.26409,10.492,-1.90422,5.63599
3.14,58.86,0,-0.563205,2.32086,10.492,-1.93612,5.71947
3.15,58.86,0,-0.582725,2.37847,10.492,-1.96789,5.80261
3.16,58.86,0,-0.602562,2.43692,10.492,-1.99953,5.8854
3.17,58.86,0,-0.622715,2.49618,10.492,-2.03105,5.96786
3.18,58.86,0,-0.643183,2.55627,10.492,-2.06245,6.04996
3.19,58.86,0,-0.663964,2.61718,10.492,-2.09372,6.13171
3.2,58.86,0,-0.685057,2.6789,10.492,-2.12486,6.21311
3.21,58.86,0,-0.706461,2.74144,10.492,-2.15587,6.29415
3.22,58.86,0,-0.728174,2.80479,10.492,-2.18676,6.37483
3.23,58.86,0,-0.750196,2.86894,10.492,-2.2175,6.45515
3.24,58.86,0,-0.772524,2.93389,10.492,-2.24812,6.5351
3.25,58.86,0,-0.795158,2.99964,10.492,-2.2786,6.61468
3.26,58.86,0,-0.818095,3.06618,10.492,-2.30895,6.69388
3.27,58.86,0,-0.841336,3.13351,10.492,-2.33916,6.77272
3.28,0,0,-0.8647,3.20067,10.492,-2.33362,6.6587
3.29,0,0,-0.888009,3.26669,10.492,-2.32818,6.54519
3.3,0,0,-0.911264,3.33158,10.492,-2.32284,6.43218
3.31,0,0,-0.934466,3.39533,10.492,-2.31759,6.31966
3.32,0,0,-0.957616,3.45797,10.492,-2.31244,6.20762
3.33,0,0,-0.980715,3.51949,10.492,-2.30738,6.09604
3.34,0,0,-1.00376,3.57989,10.492,-2.30241,5.98493
3.35,0,0,-1.02676,3.63919,10.492,-2.29753,5.87426
3.36,0,0,-1.04971,3.69738,10.492,-2.29275,5.76402
3.37,0,0,-1.07262,3.75447,10.492,-2.28805,5.65422
3.38,0,0,-1.09548,3.81047,10.492,-2.28344,5.54483
3.39,0,0,-1.11829,3.86537,10.492,-2.27892,5.43585
3.4,0,0,-1.14105,3.91918,10.492,-2.27449,5.32726
3.41,0,0,-1.16378,3.97191,10.492,-2.27014,5.21907
3.42,0,0,-1.18646,4.02357,10.492,-2.26587,5.11126
3.43,0,0,-1.2091,4.07414,10.492,-2.26169,5.00382
3.44,0,0,-1.23169,4.12364,10.492,-2.25759,4.89674
3.45,0,0,-1.25425,4.17208,10.492,-2.25358,4.79001
3.46,0,0,-1.27676,4.21945,10.492,-2.24964,4.68363
3.47,0,0,-1.29924,4.26575,10.492,-2.24578,4.57758
3.48,0,0,-1.32168,4.311,10.492,-2.24201,4.47187
3.49,0,0,-1.34408,4.35519,10.492,-2.23831,4.36647
3.5,0,0,-1.36645,4.39833,10.492,-2.23468,4.26138
3.51,0,0,-1.38877,4.44042,10.492,-2.23114,4.1566
3.52,0,0,-1.41107,4.48146,10.492,-2.22767,4.0521
3.53,0,0,-1.43333,4.52146,10.492,-2.22427,3.9479
3.54,0,0,-1.45555,4.56042,10.492,-2.22095,3.84398
3.55,0,0,-1.47775,4.59834,10.492,-2.2177,3.74032
3.56,0,0,-1.49991,4.63523,10.492,-2.21452,3.63693
3.57,0,0,-1.52204,4.67108,10.492,-2.21141,3.5338
3.58,0,0,-1.54414,4.7059,10.492,-2.20837,3.43091
3.59,0,0,-1.56621,4.7397,10.492,-2.2054,3.32826
3.6,0,0,-1.58825,4.77247,10.492,-2.2025,3.22585
3.61,0,0,-1.61026,4.80422,10.492,-2.19967,3.12366
3.62,0,0,-1.63224,4.83494,10.492,-2.1969,3.02169
3.63,0,0,-1.65419,4.86465,10.492,-2.19419,2.91993
3.64,0,0,-1.67612,4.89334,10.492,-2.19156,2.81838
3.65,0,-17.2,-1.69803,4.92102,10.32,-2.18898,2.71702
3.66,0,-17.2,-1.7199,4.94768,10.148,-2.18646,2.61585
3.67,0,-17.2,-1.74176,4.97334,9.976,-2.18401,2.51487
3.68,0,-17.2,-1.76358,4.99798,9.804,-2.18161,2.41407
3.69,0,-17.2,-1.78539,5.02162,9.632,-2.17928,2.31343
3.7,0,-17.2,-1.80717,5.04425,9.46,-2.177,2.21296
3.71,0,-17.2,-1.82893,5.06588,9.288,-2.17477,2.11265
3.72,0,-17.2,-1.85066,5.0865,9.116,-2.1726,2.01249
3.73,0,-17.2,-1.87238,5.10613,8.944,-2.17048,1.91248
3.74,0,-17.2,-1.89407,5.12475,8.772,-2.16841,1.8126
3.75,0,-17.2,-1.91575,5.14238,8.6,-2.16639,1.71286
3.76,0,-17.2,-1.9374,5.15901,8.428,-2.16442,1.61324
3.77,0,-17.2,-1.95904,5.17465,8.256,-2.1625,1.51375
3.78,0,-17.2,-1.98065,5.18929,8.084,-2.16062,1.41438
3.79,0,-17.2,-2.00225,5.20294,7.912,-2.15878,1.31512
3.8,0,-17.2,-2.02383,5.21559,7.74,-2.15698,1.21596
3.81,0,-17.2,-2.04539,5.22725,7.568,-2.15522,1.11691
3.82,0,-17.2,-2.06693,5.23793,7.396,-2.15349,1.01795
3.83,0,-17.2,-2.08846,5.24761,7.224,-2.1518,0.91909
3.84,0,-17.2,-2.10997,5.25631,7.052,-2.15013,0.820317
3.85,0,-17.2,-2.13146,5.26402,6.88,-2.1485,0.72163
3.86,0,-17.2,-2.15294,5.27074,6.708,-2.14688,0.623026
3.87,0,-17.2,-2.1744,5.27648,6.536,-2.1453,0.524501
3.88,0,-17.2,-2.19584,5.28123,6.364,-2.14373,0.426053
3.89,0,-17.2,-2.21727,5.285,6.192,-2.14217,0.327679
3.9,0,-17.2,-2.23869,5.28779,6.02,-2.14063,0.229379
3.91,0,-17.2,-2.26009,5.28959,5.848,-2.1391,0.131149
3.92,0,-17.2,-2.28147,5.29041,5.676,-2.13757,0.0329909
3.93,0,-17.2,-2.30284,5.29025,5.504,-2.13605,-0.0650976
3.94,0,-17.2,-2.32419,5.28911,5.332,-2.13453,-0.163116
3.95,0,-17.2,-2.34553,5.28699,5.16,-2.133,-0.261065
3.96,0,-17.2,-2.36685,5.28389,4.988,-2.13147,-0.358942
3.97,0,-17.2,-2.38816,5.27981,4.816,-2.12993,-0.456747
3.98,0,-17.2,-2.40945,5.27475,4.644,-2.12838,-0.554478
3.99,0,-17.2,-2.43073,5.26872,4.472,-2.12681,-0.652133
4,0,-17.2,-2.45199,5.26171,4.3,-2.12522,-0.74971
4.01,0,-17.2,-2.47323,5.25373,4.128,-2.12361,-0.847206
4.02,0,-17.2,-2.49446,5.24477,3.956,-2.12198,-0.944618
4.03,0,-17.2,-2.51567,5.23483,3.784,-2.12033,-1.04194
4.04,0,-17.2,-2.53686,5.22393,3.612,-2.11864,-1.13918
4.05,0,-17.2,-2.55804,5.21205,3.44,-2.11693,-1.23631
4.06,0,-17.2,-2.5792,5.1992,3.268,-2.11518,-1.33335
4.07,0,-17.2,-2.60035,5.18538,3.096,-2.1134,-1.43029
4.08,0,-17.2,-2.62147,5.1706,2.924,-2.11159,-1.52712
4.09,0,-17.2,-2.64258,5.15484,2.752,-2.10973,-1.62384
4.1,0,-17.2,-2.66367,5.13812,2.58,-2.10784,-1.72043
4.11,0,-17.2,-2.68473,5.12043,2.408,-2.10591,-1.81691
4.12,0,-17.2,-2.70578,5.10178,2.236,-2.10394,-1.91326
4.13,0,-17.2,-2.72681,5.08217,2.064,-2.10192,-2.00948
4.14,0,-17.2,-2.74782,5.06159,1.892,-2.09986,-2.10557
4.15,0,-17.2,-2.76881,5.04006,1.72,-2.09776,-2.20151
4.16,0,-17.2,-2.78978,5.01756,1.548,-2.09561,-2.2973
4.17,0,-17.2,-2.81072,4.99411,1.376,-2.09341,-2.39294
4.18,0,-17.2,-2.83164,4.96971,1.204,-2.09117,-2.48843
4.19,0,-17.2,-2.85255,4.94435,1.032,-2.08888,-2.58375
4.2,0,-17.2,-2.87342,4.91803,0.86,-2.08654,-2.6789
4.21,0,-17.2,-2.89428,4.89077,0.688,-2.08416,-2.77388
4.22,0,-17.2,-2.91511,4.86255,0.516,-2.08172,-2.86869
4.23,0,-17.2,-2.93591,4.83339,0.344,-2.07924,-2.9633
4.24,0,-17.2,-2.95669,4.80329,0.172,-2.07671,-3.05773
4.25,0,-17.2,-2.97744,4.77224,-6.10623e-16,-2.07412,-3.15197
4.26,0,-17.2,-2.99817,4.74025,-0.172,-2.07149,-3.246
4.27,0,-17.2,-3.01887,4.70732,-0.344,-2.0688,-3.33983
4.28,0,-17.2,-3.03955,4.67345,-0.516,-2.06607,-3.43345
4.29,0,-17.2,-3.06019,4.63865,-0.688,-2.06328,-3.52686
4.3,0,-17.2,-3.08081,4.60292,-0.86,-2.06045,-3.62004
4.31,0,-17.2,-3.1014,4.56625,-1.032,-2.05756,-3.713
4.32,0,-17.2,-3.12196,4.52866,-1.204,-2.05463,-3.80573
4.33,0,-17.2,-3.1425,4.49014,-1.376,-2.05164,-3.89823
4.34,0,-17.2,-3.163,4.4507,-1.548,-2.0486,-3.99048
4.35,0,-17.2,-3.18347,4.41033,-1.72,-2.04551,-4.08249
4.36,0,-17.2,-3.20391,4.36905,-1.892,-2.04237,-4.17426
4.37,0,-17.2,-3.22432,4.32685,-2.064,-2.03919,-4.26576
4.38,0,-17.2,-3.24469,4.28373,-2.236,-2.03595,-4.35701
4.39,0,-17.2,-3.26503,4.23971,-2.408,-2.03266,-4.44799
4.4,0,-17.2,-3.28534,4.19477,-2.58,-2.02932,-4.5387
4.41,0,-17.2,-3.30562,4.14893,-2.752,-2.02593,-4.62915
4.42,0,-17.2,-3.32586,4.10219,-2.924,-2.02249,-4.71931
4.43,0,-17.2,-3.34607,4.05455,-3.096,-2.01901,-4.80919
4.44,0,-17.2,-3.36624,4.00601,-3.268,-2.01547,-4.89878
4.45,0,-17.2,-3.38638,3.95657,-3.44,-2.01189,-4.98809
4.46,0,-17.2,-3.40648,3.90625,-3.612,-2.00826,-5.0771
4.47,0,-17.2,-3.42654,3.85503,-3.784,-2.00458,-5.16581
4.48,0,-17.2,-3.44657,3.80293,-3.956,-2.00086,-5.25421
4.49,58.86,-17.2,-3.46649,3.75093,-4.128,-1.98333,-5.14695
4.5,58.86,-17.2,-3.48624,3.69999,-4.3,-1.96532,-5.0401
4.51,58.86,-17.2,-3.5058,3.65012,-4.472,-1.94682,-4.93367
4.52,58.86,-17.2,-3.52517,3.60132,-4.644,-1.92784,-4.82765
4.53,58.86,-17.2,-3.54435,3.55357,-4.816,-1.90837,-4.72203
4.54,58.86,-17.2,-3.56334,3.50688,-4.988,-1.88841,-4.6168
4.55,58.86,0,-3.58212,3.46123,-4.988,-1.86826,-4.51193
4.56,58.86,0,-3.6007,3.41664,-4.988,-1.84821,-4.40739
4.57,58.86,0,-3.61908,3.37308,-4.988,-1.82825,-4.30317
4.58,58.86,0,-3.63727,3.33057,-4.988,-1.80839,-4.19926
4.59,58.86,0,-3.65525,3.2891,-4.988,-1.78862,-4.09566
4.6,58.86,0,-3.67304,3.24866,-4.988,-1.76895,-3.99234
4.61,58.86,0,-3.69063,3.20925,-4.988,-1.74936,-3.88932
4.62,58.86,0,-3.70803,3.17087,-4.988,-1.72985,-3.78657
4.63,58.86,0,-3.72523,3.13352,-4.988,-1.71044,-3.68409
4.64,58.86,0,-3.74224,3.09719,-4.988,-1.6911,-3.58188
4.65,58.86,0,-3.75905,3.06188,-4.988,-1.67185,-3.47992
4.66,58.86,0,-3.77567,3.02759,-4.988,-1.65268,-3.3782
4.67,58.86,0,-3.79211,2.99431,-4.988,-1.63359,-3.27673
4.68,58.86,0,-3.80835,2.96205,-4.988,-1.61458,-3.17549
4.69,58.86,0,-3.8244,2.9308,-4.988,-1.59564,-3.07447
4.7,58.86,0,-3.84026,2.90056,-4.988,-1.57677,-2.97367
4.71,58.86,0,-3.85593,2.87133,-4.988,-1.55798,-2.87308
4.72,58.86,0,-3.87142,2.8431,-4.988,-1.53926,-2.7727
4.73,58.86,0,-3.88672,2.81587,-4.988,-1.52061,-2.67251
4.74,58.86,0,-3.90183,2.78965,-4.988,-1.50202,-2.5725
4.75,58.86,0,-3.91676,2.76442,-4.988,-1.48351,-2.47268
4.76,58.86,0,-3.9315,2.74019,-4.988,-1.46505,-2.37303
4.77,58.86,0,-3.94606,2.71696,-4.988,-1.44666,-2.27355
4.78,58.86,0,-3.96044,2.69472,-4.988,-1.42834,-2.17423
4.79,58.86,0,-3.97463,2.67348,-4.988,-1.41007,-2.07507
4.8,58.86,0,-3.98864,2.65322,-4.988,-1.39186,-1.97605
4.81,58.86,0,-4.00246,2.63396,-4.988,-1.37371,-1.87717
4.82,58.86,0,-4.01611,2.61568,-4.988,-1.35561,-1.77842
4.83,58.86,0,-4.02958,2.59839,-4.988,-1.33757,-1.6798
4.84,58.86,0,-4.04286,2.58208,-4.988,-1.31958,-1.5813
4.85,58.86,0,-4.05597,2.56676,-4.988,-1.30164,-1.48291
4.86,58.86,0,-4.0689,2.55242,-4.988,-1.28375,-1.38463
4.87,58.86,0,-4.08164,2.53907,-4.988,-1.2659,-1.28645
4.88,58.86,0,-4.09421,2.52669,-4.988,-1.2481,-1.18837
4.89,58.86,0,-4.10661,2.5153,-4.988,-1.23035,-1.09037
4.9,58.86,0,-4.11882,2.50489,-4.988,-1.21264,-0.992456
4.91,58.86,0,-4.13086,2.49545,-4.988,-1.19496,-0.894618
4.92,58.86,0,-4.14272,2.48699,-4.988,-1.17733,-0.79685
4.93,58.86,0,-4.15441,2.47951,-4.988,-1.15973,-0.699147
4.94,58.86,0,-4.16592,2.47301,-4.988,-1.14216,-0.601503
4.95,58.86,0,-4.17725,2.46748,-4.988,-1.12463,-0.503913
4.96,58.86,0,-4.18841,2.46293,-4.988,-1.10712,-0.406373
4.97,58.86,0,-4.19939,2.45936,-4.988,-1.08964,-0.308878
4.98,58.86,0,-4.2102,2.45675,-4.988,-1.07218,-0.211425
4.99,58.86,0,-4.22084,2.45513,-4.988,-1.05474,-0.114009
5,58.86,0,-4.2313,2.45447,-4.988,-1.03731,-0.0166296
5.01,58.86,0,-4.24158,2.45479,-4.988,-1.0199,0.0807164
5.02,58.86,0,-4.25169,2.45609,-4.988,-1.0025,0.178029
5.03,58.86,0,-4.26163,2.45835,-4.988,-0.985101,0.275309
5.04,58.86,0,-4.2714,2.46159,-4.988,-0.967707,0.372555
5.05,58.86,0,-4.28099,2.46581,-4.988,-0.950313,0.469765
5.06,58.86,0,-4.2904,2.47099,-4.988,-0.932917,0.566936
5.07,58.86,0,-4.29964,2.47714,-4.988,-0.915515,0.664065
5.08,58.86,0,-4.30871,2.48427,-4.988,-0.898108,0.761148
5.09,58.86,0,-4.31761,2.49237,-4.988,-0.880692,0.85818
5.1,58.86,0,-4.32633,2.50143,-4.988,-0.863267,0.955157
5.11,58.86,0,-4.33487,2.51147,-4.988,-0.845833,1.05207
5.12,58.86,0,-4.34324,2.52247,-4.988,-0.828388,1.14892
5.13,58.86,0,-4.35144,2.53445,-4.988,-0.810933,1.2457
5.14,58.86,0,-4.35946,2.54739,-4.988,-0.793466,1.3424
5.15,58.86,0,-4.36731,2.5613,-4.988,-0.77599,1.43902
5.16,58.86,0,-4.37498,2.57617,-4.988,-0.758503,1.53554
5.17,58.86,0,-4.38248,2.59201,-4.988,-0.741006,1.63197
5.18,58.86,0,-4.3898,2.60881,-4.988,-0.723499,1.7283
5.19,58.86,0,-4.39695,2.62657,-4.988,-0.705984,1.82453
5.2,58.86,0,-4.40392,2.6453,-4.988,-0.688461,1.92064
5.21,58.86,0,-4.41072,2.66498,-4.988,-0.67093,2.01663
5.22,58.86,0,-4.41734,2.68563,-4.988,-0.653392,2.11249
5.23,58.86,0,-4.42379,2.70723,-4.988,-0.635849,2.20823
5.24,58.86,0,-4.43006,2.72979,-4.988,-0.618301,2.30382
5.25,58.86,0,-4.43615,2.75331,-4.988,-0.600748,2.39927
5.26,58.86,0,-4.44207,2.77778,-4.988,-0.583192,2.49458
5.27,58.86,0,-4.44782,2.8032,-4.988,-0.565634,2.58973
5.28,58.86,0,-4.45338,2.82957,-4.988,-0.548075,2.68471
5.29,58.86,0,-4.45878,2.85689,-4.988,-0.530515,2.77953
5.3,58.86,0,-4.46399,2.88516,-4.988,-0.512957,2.87418
5.31,58.86,0,-4.46904,2.91438,-4.988,-0.495399,2.96865
5.32,58.86,0,-4.4739,2.94454,-4.988,-0.477845,3.06294
5.33,58.86,0,-4.47859,2.97564,-4.988,-0.460294,3.15703
5.34,58.86,0,-4.48311,3.00768,-4.988,-0.442748,3.25093
5.35,58.86,0,-4.48745,3.04065,-4.988,-0.425208,3.34463
5.36,58.86,0,-4.49161,3.07457,-4.988,-0.407675,3.43813
5.37,58.86,0,-4.4956,3.10942,-4.988,-0.390149,3.53141
5.38,58.86,0,-4.49942,3.14519,-4.988,-0.372633,3.62448
5.39,58.86,0,-4.50305,3.1819,-4.988,-0.355126,3.71732
5.4,58.86,0,-4.50652,3.21954,-4.988,-0.337631,3.80993
5.41,58.86,0,-4.50981,3.2581,-4.988,-0.320148,3.90232
5.42,58.86,0,-4.51292,3.29759,-4.988,-0.302678,3.99446
5.43,58.86,0,-4.51586,3.33799,-4.988,-0.285222,4.08636
5.44,58.86,0,-4.51863,3.37931,-4.988,-0.267781,4.17801
5.45,58.86,0,-4.52122,3.42155,-4.988,-0.250357,4.26941
5.46,58.86,0,-4.52363,3.4647,-4.988,-0.23295,4.36055
5.47,58.86,0,-4.52587,3.50876,-4.988,-0.215561,4.45143
5.48,58.86,0,-4.52794,3.55373,-4.988,-0.198191,4.54204
5.49,58.86,0,-4.52984,3.5996,-4.988,-0.180842,4.63238
5.5,58.86,0,-4.53156,3.64637,-4.988,-0.163515,4.72243
5.51,58.86,0,-4.53311,3.69405,-4.988,-0.14621,4.81221
5.52,58.86,0,-4.53448,3.74262,-4.988,-0.128928,4.9017
5.53,58.86,0,-4.53569,3.79208,-4.988,-0.11167,4.9909
5.54,58.86,0,-4.53672,3.84243,-4.988,-0.0944385,5.0798
5.55,58.86,0,-4.53758,3.89368,-4.988,-0.0772329,5.16841
5.56,58.86,0,-4.53826,3.9458,-4.988,-0.0600546,5.25671
5.57,58.86,0,-4.53878,3.99881,-4.988,-0.0429047,5.3447
5.58,58.86,0,-4.53912,4.05269,-4.988,-0.025784,5.43237
5.59,58.86,0,-4.53929,4.10746,-4.988,-0.0086936,5.51974
5.6,58.86,0,-4.5393,4.16309,-4.988,0.00836568,5.60678
5.61,58.86,0,-4.53913,4.21959,-4.988,0.0253929,5.69349
5.62,0,0,-4.53887,4.27598,-4.988,0.0253452,5.58479
5.63,0,0,-4.53862,4.33129,-4.988,0.0252985,5.47649
5.64,0,0,-4.53837,4.38551,-4.988,0.0252528,5.36859
5.65,0,0,-4.53811,4.43866,-4.988,0.0252081,5.26108
5.66,0,0,-4.53786,4.49073,-4.988,0.0251644,5.15394
5.67,0,0,-4.53761,4.54174,-4.988,0.0251216,5.04716
5.68,0,0,-4.53736,4.59168,-4.988,0.0250799,4.94075
5.69,0,0,-4.53711,4.64056,-4.988,0.025039,4.83469
5.7,0,0,-4.53686,4.68837,-4.988,0.0249992,4.72896
5.71,0,0,-4.53661,4.73514,-4.988,0.0249602,4.62358
5.72,0,0,-4.53636,4.78085,-4.988,0.0249222,4.51851
5.73,0,0,-4.53611,4.82551,-4.988,0.0248851,4.41376
5.74,0,0,-4.53586,4.86912,-4.988,0.024849,4.30932
5.75,0,0,-4.53561,4.9117,-4.988,0.0248137,4.20518
5.76,0,0,-4.53537,4.95323,-4.988,0.0247794,4.10133
5.77,0,0,-4.53512,4.99372,-4.988,0.024746,3.99776
5.78,0,0,-4.53487,5.03318,-4.988,0.0247135,3.89447
5.79,0,0,-4.53462,5.07161,-4.988,0.0246818,3.79145
5.8,0,0,-4.53438,5.10901,-4.988,0.0246511,3.68868
5.81,0,0,-4.53413,5.14539,-4.988,0.0246212,3.58617
5.82,0,0,-4.53389,5.18074,-4.988,0.0245922,3.48391
5.83,0,0,-4.53364,5.21507,-4.988,0.0245641,3.38188
5.84,0,0,-4.53339,5.24838,-4.988,0.0245368,3.28008
5.85,0,0,-4.53315,5.28067,-4.988,0.0245104,3.1785
5.86,0,0,-4.5329,5.31195,-4.988,0.0244849,3.07714
5.87,0,0,-4.53266,5.34221,-4.988,0.0244602,2.97599
5.88,0,0,-4.53241,5.37147,-4.988,0.0244363,2.87504
5.89,0,0,-4.53217,5.39971,-4.988,0.0244133,2.77428
5.9,-58.86,0,-4.53201,5.42598,-4.988,0.00734029,2.47842
5.91,-58.86,0,-4.53202,5.44928,-4.988,-0.00971795,2.18305
5.92,-58.86,0,-4.53221,5.46964,-4.988,-0.0267647,1.88811
5.93,-58.86,0,-4.53256,5.48705,-4.988,-0.0438034,1.59354
5.94,-58.86,0,-4.53308,5.50151,-4.988,-0.0608373,1.29928
5.95,-58.86,0,-4.53378,5.51303,-4.988,-0.0778698,1.00528
5.96,-58.86,0,-4.53464,5.52162,-4.988,-0.0949041,0.71147
5.97,-58.86,0,-4.53567,5.52726,-4.988,-0.111943,0.417803
5.98,-58.86,0,-4.53688,5.52997,-4.988,-0.128991,0.124217
5.99,-58.86,0,-4.53825,5.52975,-4.988,-0.146042,-0.169339
6,-58.86,0,-4.5398,5.52659,-4.988,-0.163083,-0.462856
6.01,-58.86,0,-4.54151,5.52049,-4.988,-0.180106,-0.756282
6.02,-58.86,0,-4.5434,5.51146,-4.988,-0.197106,-1.04956
6.03,-58.86,0,-4.54546,5.4995,-4.988,-0.214082,-1.34263
6.04,-58.86,0,-4.54768,5.48461,-4.988,-0.231029,-1.63544
6.05,-58.86,0,-4.55008,5.46679,-4.988,-0.247945,-1.92792
6.06,-58.86,0,-4.55264,5.44605,-4.988,-0.264825,-2.22003
6.07,-58.86,0,-4.55537,5.42239,-4.988,-0.281667,-2.51171
6.08,-58.86,0,-4.55827,5.39582,-4.988,-0.298467,-2.8029
6.09,-58.86,0,-4.56134,5.36634,-4.988,-0.315223,-3.09354
6.1,-58.86,0,-4.56458,5.33395,-4.988,-0.331931,-3.38358
6.11,-58.86,0,-4.56798,5.29867,-4.988,-0.348588,-3.67297
6.12,-58.86,0,-4.57155,5.26049,-4.988,-0.365191,-3.96164
6.13,-58.86,0,-4.57529,5.21944,-4.988,-0.381736,-4.24955
6.14,-58.86,0,-4.57918,5.17551,-4.988,-0.398222,-4.53665
6.15,-58.86,0,-4.58325,5.12871,-4.988,-0.414644,-4.82288
6.16,-58.86,0,-4.58748,5.07905,-4.988,-0.431001,-5.10818
6.17,-58.86,0,-4.59187,5.02655,-4.988,-0.447288,-5.39252
6.18,-58.86,0,-4.59642,4.9712,-4.988,-0.463504,-5.67583
6.19,-58.86,0,-4.60114,4.91303,-4.988,-0.479646,-5.95807
6.2,-58.86,0,-4.60602,4.85205,-4.988,-0.49571,-6.23918
6.21,-58.86,0,-4.61105,4.78825,-4.988,-0.511695,-6.51913
6.22,-58.86,0,-4.61625,4.72167,-4.988,-0.527597,-6.79786
6.23,-58.86,0,-4.6216,4.6523,-4.988,-0.543414,-7.07533
6.24,-58.86,0,-4.62712,4.58017,-4.988,-0.559143,-7.35149
6.25,-58.86,0,-4.63279,4.50528,-4.988,-0.574783,-7.62629
6.26,-58.86,0,-4.63861,4.42764,-4.988,-0.59033,-7.8997
6.27,-58.86,0,-4.64459,4.34729,-4.988,-0.605782,-8.17168
6.28,-58.86,0,-4.65073,4.26422,-4.988,-0.621138,-8.44217
6.29,-58.86,0,-4.65702,4.17845,-4.988,-0.636394,-8.71113
6.3,-58.86,0,-4.66346,4.09,-4.988,-0.651549,-8.97854
6.31,-58.86,0,-4.67005,3.99888,-4.988,-0.666601,-9.24435
6.32,-58.86,0,-4.67679,3.90512,-4.988,-0.681548,-9.50852
6.33,-58.86,0,-4.68368,3.80872,-4.988,-0.696387,-9.77102
6.34,-58.86,0,-4.69071,3.7097,-4.988,-0.711118,-10.0318
6.35,0,0,-4.69781,3.60906,-4.988,-0.70873,-10.0961
6.36,0,0,-4.70489,3.50778,-4.988,-0.706336,-10.1599
6.37,0,0,-4.71194,3.40587,-4.988,-0.703934,-10.2233
6.38,0,0,-4.71897,3.30332,-4.988,-0.701527,-10.2863
6.39,0,0,-4.72597,3.20014,-4.988,-0.699113,-10.3488
6.4,0,0,-4.73295,3.09634,-4.988,-0.696692,-10.4109
6.41,0,0,-4.7399,2.99193,-4.988,-0.694266,-10.4726
6.42,0,0,-4.74684,2.88689,-4.988,-0.691835,-10.5338
6.43,0,0,-4.75374,2.78125,-4.988,-0.689398,-10.5946
6.44,0,0,-4.76062,2.675,-4.988,-0.686955,-10.655
6.45,0,0,-4.76748,2.56815,-4.988,-0.684508,-10.715
6.46,0,0,-4.77431,2.4607,-4.988,-0.682056,-10.7745
6.47,0,0,-4.78112,2.35266,-4.988,-0.679599,-10.8336
6.48,0,0,-4.78791,2.24403,-4.988,-0.677138,-10.8923
6.49,0,0,-4.79466,2.13482,-4.988,-0.674672,-10.9506
6.5,0,0,-4.8014,2.02502,-4.988,-0.672203,-11.0084
6.51,0,0,-4.80811,1.91465,-4.988,-0.66973,-11.0659
6.52,0,0,-4.81479,1.80371,-4.988,-0.667253,-11.1229
6.53,0,0,-4.82145,1.69219,-4.988,-0.664773,-11.1794
6.54,0,0,-4.82809,1.58012,-4.988,-0.66229,-11.2356
6.55,0,0,-4.8347,1.46748,-4.988,-0.659804,-11.2913
6.56,0,0,-4.84129,1.35429,-4.988,-0.657315,-11.3466
6.57,0,0,-4.84785,1.24055,-4.988,-0.654823,-11.4015
6.58,0,0,-4.85438,1.12626,-4.988,-0.65233,-11.456
6.59,0,0,-4.86089,1.01143,-4.988,-0.649833,-11.5101
6.6,0,0,-4.86738,0.896064,-4.988,-0.647335,-11.5638
6.61,0,0,-4.87384,0.78016,-4.988,-0.644835,-11.617
6.62,0,0,-4.88027,0.663725,-4.988,-0.642334,-11.6699
6.63,0,0,-4.88669,0.546764,-4.988,-0.63983,-11.7223
6.64,0,0,-4.89307,0.42928,-4.988,-0.637326,-11.7743
6.65,0,0,-4.89943,0.311278,-4.988,-0.63482,-11.8259
6.66,0,0,-4.90577,0.192763,-4.988,-0.632314,-11.8772
6.67,0,0,-4.91208,0.0737366,-4.988,-0.629807,-11.928
6.68,0,0,-4.91836,-0.0457954,-4.988,-0.627299,-11.9784
6.69,0,0,-4.92462,-0.165829,-4.988,-0.624791,-12.0284
6.7,0,0,-4.93086,-0.286362,-4.988,-0.622282,-12.078
6.71,0,0,-4.93707,-0.407388,-4.988,-0.619773,-12.1272
6.72,0,0,-4.94326,-0.528904,-4.988,-0.617265,-12.176
6.73,0,0,-4.94942,-0.650907,-4.988,-0.614756,-12.2244
6.74,0,0,-4.95555,-0.773392,-4.988,-0.612248,-12.2725
6.75,0,0,-4.96166,-0.896355,-4.988,-0.609741,-12.3201
6.76,0,0,-4.96775,-1.01979,-4.988,-0.607234,-12.3674
6.77,0,0,-4.97381,-1.1437,-4.988,-0.604728,-12.4142
6.78,0,17.2,-4.97984,-1.26808,-4.816,-0.602224,-12.4607
6.79,0,17.2,-4.98585,-1.39291,-4.644,-0.59972,-12.5068
6.8,0,17.2,-4.99183,-1.51821,-4.472,-0.597218,-12.5525
6.81,0,17.2,-4.99779,-1.64396,-4.3,-0.594717,-12.5978
6.82,58.86,17.2,-5.00366,-1.76919,-4.128,-0.57785,-12.4479
6.83,58.86,17.2,-5.00935,-1.89292,-3.956,-0.561668,-12.2992
6.84,58.86,17.2,-5.01489,-2.01518,-3.784,-0.546166,-12.1517
6.85,58.86,17.2,-5.02028,-2.13596,-3.612,-0.531341,-12.0053
6.86,58.86,17.2,-5.02552,-2.25529,-3.44,-0.517187,-11.8601
6.87,58.86,17.2,-5.03062,-2.37317,-3.268,-0.503701,-11.716
6.88,58.86,17.2,-5.0356,-2.48961,-3.096,-0.490878,-11.5729
6.89,58.86,17.2,-5.04044,-2.60463,-2.924,-0.478716,-11.431
6.9,58.86,17.2,-5.04517,-2.71823,-2.752,-0.467209,-11.29
6.91,58.86,17.2,-5.04979,-2.83043,-2.58,-0.456355,-11.1502
6.92,58.86,17.2,-5.0543,-2.94124,-2.408,-0.446149,-11.0113
6.93,58.86,17.2,-5.05872,-3.05066,-2.236,-0.436589,-10.8734
6.94,58.86,17.2,-5.06304,-3.15871,-2.064,-0.427671,-10.7365
6.95,58.86,17.2,-5.06727,-3.2654,-1.892,-0.419392,-10.6005
6.96,58.86,17.2,-5.07143,-3.37072,-1.72,-0.411749,-10.4655
6.97,58.86,17.2,-5.07551,-3.47471,-1.548,-0.404738,-10.3314
6.98,58.86,17.2,-5.07952,-3.57736,-1.376,-0.398357,-10.1982
6.99,58.86,17.2,-5.08348,-3.67868,-1.204,-0.392604,-10.066
7,58.86,17.2,-5.08738,-3.77868,-1.032,-0.387475,-9.93453
7.01,58.86,17.2,-5.09123,-3.87737,-0.86,-0.382967,-9.80396
7.02,58.86,17.2,-5.09504,-3.97476,-0.688,-0.379079,-9.67424
7.03,58.86,17.2,-5.09881,-4.07086,-0.516,-0.375808,-9.54534
7.04,58.86,17.2,-5.10256,-4.16567,-0.344,-0.373151,-9.41726
7.05,58.86,17.2,-5.10628,-4.25921,-0.172,-0.371107,-9.28998
7.06,58.86,17.2,-5.10998,-4.35147,-2.77556e-16,-0.369672,-9.16348
7.07,58.86,17.2,-5.11367,-4.44248,0.172,-0.368846,-9.03775
7.08,58.86,17.2,-5.11736,-4.53223,0.344,-0.368625,-8.91278
7.09,58.86,17.2,-5.12105,-4.62074,0.516,-0.369009,-8.78855
7.1,58.86,17.2,-5.12474,-4.708,0.688,-0.369995,-8.66505
7.11,58.86,17.2,-5.12845,-4.79404,0.86,-0.371581,-8.54227
7.12,58.86,17.2,-5.13218,-4.87885,1.032,-0.373766,-8.4202
7.13,58.86,17.2,-5.13593,-4.96245,1.204,-0.376548,-8.29882
7.14,58.86,17.2,-5.13971,-5.04483,1.376,-0.379925,-8.17812
7.15,58.86,17.2,-5.14353,-5.12601,1.548,-0.383896,-8.05809
7.16,58.86,17.2,-5.14739,-5.20599,1.72,-0.38846,-7.93872
7.17,58.86,17.2,-5.1513,-5.28479,1.892,-0.393615,-7.82
7.18,58.86,17.2,-5.15526,-5.3624,2.064,-0.399361,-7.70191
7.19,58.86,17.2,-5.15929,-5.43883,2.236,-0.405694,-7.58445
7.2,58.86,17.2,-5.16338,-5.51409,2.408,-0.412616,-7.4676
7.21,58.86,17.2,-5.16754,-5.58818,2.58,-0.420123,-7.35136
7.22,58.86,17.2,-5.17178,-5.66112,2.752,-0.428217,-7.23571
7.23,58.86,17.2,-5.17611,-5.7329,2.924,-0.436894,-7.12064
7.24,58.86,17.2,-5.18052,-5.80353,3.096,-0.446155,-7.00615
7.25,58.86,17.2,-5.18503,-5.87302,3.268,-0.455999,-6.89222
7.26,58.86,17.2,-5.18965,-5.94138,3.44,-0.466425,-6.77885
7.27,58.86,17.2,-5.19436,-6.0086,3.612,-0.477431,-6.66602
7.28,58.86,17.2,-5.1992,-6.0747,3.784,-0.489018,-6.55372
7.29,58.86,0,-5.20415,-6.13968,3.784,-0.500891,-6.44194
7.3,58.86,0,-5.20921,-6.20354,3.784,-0.512757,-6.33063
7.31,58.86,0,-5.2144,-6.26629,3.784,-0.524617,-6.21978
7.32,58.86,0,-5.21971,-6.32794,3.784,-0.536471,-6.1094
7.33,58.86,0,-5.22513,-6.38848,3.784,-0.54832,-5.99946
7.34,58.86,0,-5.23067,-6.44793,3.784,-0.560166,-5.88995
7.35,58.86,0,-5.23633,-6.50628,3.784,-0.572008,-5.78088
7.36,58.86,0,-5.24211,-6.56355,3.784,-0.583847,-5.67222
7.37,58.86,0,-5.24801,-6.61973,3.784,-0.595685,-5.56397
7.38,58.86,0,-5.25403,-6.67483,3.784,-0.607522,-5.45611
7.39,58.86,0,-5.26016,-6.72885,3.784,-0.619358,-5.34865
7.4,58.86,0,-5.26641,-6.7818,3.784,-0.631195,-5.24157
7.41,58.86,0,-5.27278,-6.83368,3.784,-0.643034,-5.13485
7.42,58.86,0,-5.27927,-6.8845,3.784,-0.654874,-5.0285
7.43,58.86,0,-5.28588,-6.93425,3.784,-0.666716,-4.92251
7.44,58.86,0,-5.29261,-6.98295,3.784,-0.678563,-4.81686
7.45,58.86,0,-5.29945,-7.03059,3.784,-0.690413,-4.71154
7.46,58.86,0,-5.30642,-7.07718,3.784,-0.702268,-4.60655
7.47,58.86,0,-5.3135,-7.12272,3.784,-0.714128,-4.50188
7.48,58.86,0,-5.3207,-7.16722,3.784,-0.725994,-4.39752
7.49,58.86,0,-5.32802,-7.21068,3.784,-0.737867,-4.29347
7.5,58.86,0,-5.33546,-7.25309,3.784,-0.749748,-4.18971
7.51,58.86,0,-5.34301,-7.29447,3.784,-0.761637,-4.08623
7.52,58.86,0,-5.35069,-7.33482,3.784,-0.773534,-3.98304
7.53,58.86,0,-5.35848,-7.37413,3.784,-0.785441,-3.88011
7.54,58.86,0,-5.3664,-7.41242,3.784,-0.797358,-3.77745
7.55,58.86,0,-5.37443,-7.44968,3.784,-0.809286,-3.67504
7.56,58.86,0,-5.38258,-7.48592,3.784,-0.821224,-3.57288
7.57,58.86,0,-5.39086,-7.52114,3.784,-0.833175,-3.47096
7.58,58.86,0,-5.39925,-7.55534,3.784,-0.845139,-3.36928
7.59,58.86,0,-5.40776,-7.58853,3.784,-0.857115,-3.26781
7.6,58.86,0,-5.41639,-7.6207,3.784,-0.869105,-3.16657
7.61,58.86,0,-5.42514,-7.65186,3.784,-0.881109,-3.06553
7.62,58.86,0,-5.43401,-7.68201,3.784,-0.893128,-2.9647
7.63,58.86,0,-5.443,-7.71115,3.784,-0.905162,-2.86407
7.64,58.86,0,-5.45212,-7.73929,3.784,-0.917212,-2.76362
7.65,58.86,0,-5.46135,-7.76643,3.784,-0.929278,-2.66336
7.66,58.86,0,-5.4707,-7.79256,3.784,-0.941361,-2.56327
7.67,58.86,0,-5.48018,-7.81769,3.784,-0.953461,-2.46334
7.68,58.86,0,-5.48977,-7.84183,3.784,-0.965579,-2.36358
7.69,58.86,0,-5.49949,-7.86496,3.784,-0.977714,-2.26397
7.7,58.86,0,-5.50932,-7.88711,3.784,-0.989868,-2.16451
7.71,58.86,0,-5.51928,-7.90826,3.784,-1.00204,-2.06519
7.72,58.86,0,-5.52937,-7.92841,3.784,-1.01423,-1.966
7.73,58.86,0,-5.53957,-7.94758,3.784,-1.02644,-1.86694
7.74,58.86,0,-5.54989,-7.96575,3.784,-1.03867,-1.76801
7.75,58.86,0,-5.56034,-7.98294,3.784,-1.05092,-1.66918
7.76,58.86,0,-5.57091,-7.99913,3.784,-1.06318,-1.57046
7.77,58.86,0,-5.58161,-8.01435,3.784,-1.07547,-1.47185
7.78,58.86,0,-5.59242,-8.02857,3.784,-1.08777,-1.37333
7.79,58.86,0,-5.60336,-8.04181,3.784,-1.1001,-1.2749
7.8,58.86,0,-5.61442,-8.05407,3.784,-1.11244,-1.17655
7.81,58.86,0,-5.62561,-8.06534,3.784,-1.12479,-1.07828
7.82,58.86,0,-5.63692,-8.07564,3.784,-1.13716,-0.980085
7.83,58.86,0,-5.64835,-8.08495,3.784,-1.14955,-0.881955
7.84,58.86,0,-5.65991,-8.09328,3.784,-1.16195,-0.783887
7.85,58.86,0,-5.67159,-8.10062,3.784,-1.17436,-0.685877
7.86,58.86,0,-5.6834,-8.10699,3.784,-1.18678,-0.587919
7.87,58.86,0,-5.69533,-8.11238,3.784,-1.19921,-0.490012
7.88,58.86,0,-5.70738,-8.11679,3.784,-1.21164,-0.392151
7.89,58.86,0,-5.71956,-8.12023,3.784,-1.22407,-0.294334
7.9,58.86,0,-5.73186,-8.12268,3.784,-1.23651,-0.196559
7.91,58.86,0,-5.74429,-8.12416,3.784,-1.24894,-0.0988247
7.92,58.86,0,-5.75684,-8.12466,3.784,-1.26136,-0.00113157
7.93,58.86,0,-5.76952,-8.12418,3.784,-1.27377,0.0965205
7.94,58.86,0,-5.78232,-8.12273,3.784,-1.28617,0.19413
7.95,58.86,0,-5.79524,-8.1203,3.784,-1.29855,0.291696
7.96,58.86,0,-5.80829,-8.11689,3.784,-1.31091,0.389215
7.97,58.86,0,-5.82146,-8.11251,3.784,-1.32325,0.486685
7.98,58.86,0,-5.83475,-8.10716,3.784,-1.33557,0.584101
7.99,58.86,0,-5.84817,-8.10083,3.784,-1.34785,0.68146
8,58.86,0,-5.86171,-8.09353,3.784,-1.3601,0.778758
8.01,58.86,0,-5.87537,-8.08526,3.784,-1.37233,0.875989
8.02,58.86,0,-5.88916,-8.07601,3.784,-1.38451,0.97315
8.03,58.86,0,-5.90306,-8.06579,3.784,-1.39666,1.07023
8.04,58.86,0,-5.91709,-8.05461,3.784,-1.40877,1.16724
8.05,58.86,0,-5.93124,-8.04245,3.784,-1.42084,1.26415
8.06,58.86,0,-5.94551,-8.02932,3.784,-1.43286,1.36098
8.07,58.86,0,-5.9599,-8.01523,3.784,-1.44485,1.4577
8.08,58.86,0,-5.9744,-8.00017,3.784,-1.45678,1.55433
8.09,58.86,0,-5.98903,-7.98414,3.784,-1.46867,1.65084
8.1,58.86,0,-6.00378,-7.96715,3.784,-1.48052,1.74724
8.11,58.86,0,-6.01864,-7.9492,3.784,-1.49231,1.84351
8.12,58.86,0,-6.03362,-7.93028,3.784,-1.50405,1.93966
8.13,58.86,0,-6.04872,-7.91041,3.784,-1.51574,2.03568
8.14,58.86,0,-6.06394,-7.88957,3.784,-1.52738,2.13156
8.15,58.86,0,-6.07927,-7.86778,3.784,-1.53897,2.2273
8.16,58.86,0,-6.09472,-7.84503,3.784,-1.5505,2.32288
8.17,58.86,0,-6.11028,-7.82132,3.784,-1.56198,2.41832
8.18,58.86,0,-6.12596,-7.79666,3.784,-1.5734,2.51359
8.19,58.86,0,-6.14175,-7.77105,3.784,-1.58476,2.60869
8.2,58.86,0,-6.15765,-7.74449,3.784,-1.59607,2.70362
8.21,58.86,0,-6.17367,-7.71698,3.784,-1.60732,2.79837
8.22,58.86,0,-6.1898,-7.68852,3.784,-1.61851,2.89294
8.23,58.86,0,-6.20604,-7.65912,3.784,-1.62964,2.98732
8.24,58.86,0,-6.22239,-7.62877,3.784,-1.64071,3.08151
8.25,58.86,0,-6.23885,-7.59749,3.784,-1.65172,3.17549
8.26,58.86,0,-6.25542,-7.56526,3.784,-1.66266,3.26927
8.27,58.86,0,-6.27211,-7.5321,3.784,-1.67355,3.36284
8.28,58.86,0,-6.2889,-7.49801,3.784,-1.68437,3.45619
8.29,58.86,0,-6.30579,-7.46298,3.784,-1.69513,3.54933
8.3,58.86,0,-6.3228,-7.42702,3.784,-1.70582,3.64223
8.31,58.86,0,-6.33991,-7.39014,3.784,-1.71645,3.7349
8.32,58.86,0,-6.35713,-7.35233,3.784,-1.72701,3.82734
8.33,58.86,0,-6.37445,-7.31359,3.784,-1.73751,3.91953
8.34,58.86,0,-6.39188,-7.27394,3.784,-1.74794,4.01148
8.35,58.86,0,-6.40941,-7.23336,3.784,-1.75831,4.10317
8.36,58.86,0,-6.42704,-7.19187,3.784,-1.76861,4.19461
8.37,58.86,0,-6.44478,-7.14947,3.784,-1.77884,4.28579
8.38,58.86,0,-6.46262,-7.10616,3.784,-1.789,4.3767
8.39,58.86,0,-6.48056,-7.06194,3.784,-1.7991,4.46733
8.4,58.86,0,-6.4986,-7.01681,3.784,-1.80912,4.55769
8.41,58.86,0,-6.51674,-6.97078,3.784,-1.81908,4.64778
8.42,58.86,0,-6.53498,-6.92386,3.784,-1.82896,4.73757
8.43,58.86,0,-6.55332,-6.87603,3.784,-1.83878,4.82708
8.44,58.86,0,-6.57176,-6.82732,3.784,-1.84853,4.91629
8.45,58.86,0,-6.59029,-6.77771,3.784,-1.85821,5.00521
8.46,58.86,0,-6.60892,-6.72721,3.784,-1.86781,5.09382
8.47,58.86,0,-6.62765,-6.67583,3.784,-1.87735,5.18213
8.48,58.86,0,-6.64647,-6.62357,3.784,-1.88681,5.27012
8.49,58.86,0,-6.66538,-6.57043,3.784,-1.8962,5.3578
8.5,58.86,0,-6.68439,-6.51642,3.784,-1.90552,5.44517
8.51,58.86,0,-6.70349,-6.46153,3.784,-1.91477,5.53221
8.52,58.86,0,-6.72269,-6.40577,3.784,-1.92395,5.61892
8.53,58.86,0,-6.74197,-6.34915,3.784,-1.93305,5.7053
8.54,58.86,0,-6.76135,-6.29167,3.784,-1.94208,5.79135
8.55,58.86,0,-6.78081,-6.23333,3.784,-1.95104,5.87706
8.56,58.86,0,-6.80037,-6.17413,3.784,-1.95992,5.96243
8.57,58.86,0,-6.82001,-6.11408,3.784,-1.96873,6.04746
8.58,58.86,0,-6.83974,-6.05318,3.784,-1.97747,6.13213
8.59,58.86,0,-6.85956,-5.99144,3.784,-1.98613,6.21646
8.6,58.86,0,-6.87946,-5.92885,3.784,-1.99473,6.30043
8.61,58.86,0,-6.89945,-5.86543,3.784,-2.00324,6.38404
8.62,58.86,0,-6.91953,-5.80117,3.784,-2.01169,6.4673
8.63,58.86,0,-6.93969,-5.73609,3.784,-2.02006,6.55019
8.64,58.86,0,-6.95993,-5.67017,3.784,-2.02835,6.63271
8.65,58.86,0,-6.98026,-5.60343,3.784,-2.03657,6.71486
8.66,58.86,0,-7.00066,-5.53588,3.784,-2.04472,6.79664
8.67,58.86,0,-7.02115,-5.4675,3.784,-2.05279,6.87804
8.68,58.86,0,-7.04172,-5.39832,3.784,-2.06079,6.95907
8.69,58.86,0,-7.06236,-5.32832,3.784,-2.06872,7.03972
8.7,58.86,0,-7.08309,-5.25752,3.784,-2.07657,7.11998
8.71,58.86,0,-7.1039,-5.18592,3.784,-2.08435,7.19986
8.72,58.86,0,-7.12478,-5.11353,3.784,-2.09205,7.27935
8.73,58.86,0,-7.14574,-5.04034,3.784,-2.09968,7.35844
8.74,58.86,0,-7.16677,-4.96636,3.784,-2.10724,7.43715
8.75,58.86,0,-7.18788,-4.8916,3.784,-2.11472,7.51546
8.76,58.86,0,-7.20907,-4.81605,3.784,-2.12213,7.59338
8.77,58.86,0,-7.23032,-4.73973,3.784,-2.12946,7.67089
8.78,58.86,-17.2,-7.25165,-4.66263,3.612,-2.13643,7.74803
8.79,58.86,-17.2,-7.27305,-4.58477,3.44,-2.14274,7.8248
8.8,58.86,-17.2,-7.29451,-4.50614,3.268,-2.14839,7.9012
8.81,58.86,-17.2,-7.31602,-4.42675,3.096,-2.15338,7.97723
8.82,58.86,-17.2,-7.33757,-4.3466,2.924,-2.15772,8.05288
8.83,0,-17.2,-7.35912,-4.26667,2.752,-2.15177,7.93273
8.84,0,-17.2,-7.38061,-4.18794,2.58,-2.14593,7.81321
8.85,0,-17.2,-7.40204,-4.1104,2.408,-2.14018,7.69432
8.86,0,-17.2,-7.42341,-4.03405,2.236,-2.13453,7.57604
8.87,0,-17.2,-7.44473,-3.95888,2.064,-2.12898,7.45836
8.88,0,-17.2,-7.46599,-3.88488,1.892,-2.12352,7.34127
8.89,0,-17.2,-7.4872,-3.81205,1.72,-2.11816,7.22475
8.9,0,-17.2,-7.50835,-3.74039,1.548,-2.11289,7.1088
8.91,0,-17.2,-7.52946,-3.66987,1.376,-2.10771,6.9934
8.92,0,-17.2,-7.55051,-3.60052,1.204,-2.10263,6.87855
8.93,0,-17.2,-7.57151,-3.5323,1.032,-2.09763,6.76422
8.94,0,-17.2,-7.59246,-3.46523,0.86,-2.09272,6.65041
8.95,0,-17.2,-7.61337,-3.39929,0.688,-2.0879,6.5371
8.96,0,-17.2,-7.63422,-3.33449,0.516,-2.08317,6.42429
8.97,0,-17.2,-7.65503,-3.2708,0.344,-2.07852,6.31197
8.98,0,-17.2,-7.67579,-3.20824,0.172,-2.07396,6.20013
8.99,0,-17.2,-7.69651,-3.1468,-1.66533e-16,-2.06948,6.08875
9,0,-17.2,-7.71718,-3.08647,-0.172,-2.06509,5.97782
9.01,0,-17.2,-7.73781,-3.02724,-0.344,-2.06078,5.86734
9.02,0,-17.2,-7.7584,-2.96912,-0.516,-2.05654,5.75729
9.03,0,-17.2,-7.77894,-2.9121,-0.688,-2.05239,5.64767
9.04,0,-17.2,-7.79945,-2.85617,-0.86,-2.04832,5.53846
9.05,0,-17.2,-7.81991,-2.80132,-1.032,-2.04433,5.42966
9.06,0,-17.2,-7.84033,-2.74757,-1.204,-2.04042,5.32126
9.07,0,-17.2,-7.86072,-2.6949,-1.376,-2.03658,5.21324
9.08,0,-17.2,-7.88106,-2.6433,-1.548,-2.03282,5.10561
9.09,0,-17.2,-7.90137,-2.59278,-1.72,-2.02913,4.99834
9.1,0,-17.2,-7.92165,-2.54334,-1.892,-2.02552,4.89143
9.11,0,-17.2,-7.94188,-2.49496,-2.064,-2.02198,4.78487
9.12,0,-17.2,-7.96209,-2.44764,-2.236,-2.01852,4.67865
9.13,0,-17.2,-7.98225,-2.40138,-2.408,-2.01512,4.57277
9.14,0,-17.2,-8.00239,-2.35618,-2.58,-2.0118,4.46722
9.15,58.86,-17.2,-8.02245,-2.31106,-2.752,-1.99937,4.55768
9.16,58.86,-17.2,-8.04237,-2.26503,-2.924,-1.98633,4.64784
9.17,58.86,-17.2,-8.06217,-2.2181,-3.096,-1.97267,4.7377
9.18,58.86,-17.2,-8.08183,-2.17028,-3.268,-1.95839,4.82726
9.19,58.86,-17.2,-8.10134,-2.12156,-3.44,-1.9435,4.9165
9.2,58.86,-17.2,-8.12069,-2.07195,-3.612,-1.92799,5.00542
9.21,58.86,-17.2,-8.13989,-2.02145,-3.784,-1.91188,5.09402
9.22,58.86,-17.2,-8.15893,-1.97007,-3.956,-1.89516,5.18228
9.23,58.86,-17.2,-8.17779,-1.9178,-4.128,-1.87784,5.27022
9.24,58.86,-17.2,-8.19648,-1.86466,-4.3,-1.85991,5.35781
9.25,58.86,-17.2,-8.21499,-1.81065,-4.472,-1.84138,5.44505
9.26,58.86,-17.2,-8.23331,-1.75576,-4.644,-1.82226,5.53195
9.27,58.86,-17.2,-8.25143,-1.70001,-4.816,-1.80254,5.61848
9.28,58.86,-17.2,-8.26936,-1.6434,-4.988,-1.78223,5.70466
9.29,58.86,-17.2,-8.28708,-1.58592,-5.16,-1.76132,5.79047
9.3,58.86,-17.2,-8.30458,-1.52759,-5.332,-1.73983,5.8759
9.31,58.86,0,-8.32187,-1.4684,-5.332,-1.71804,5.96099
9.32,58.86,0,-8.33894,-1.40837,-5.332,-1.69626,6.04575
9.33,58.86,0,-8.3558,-1.34749,-5.332,-1.67448,6.13018
9.34,58.86,0,-8.37243,-1.28577,-5.332,-1.6527,6.21428
9.35,58.86,0,-8.38885,-1.22321,-5.332,-1.63093,6.29804
9.36,58.86,0,-8.40505,-1.15981,-5.332,-1.60916,6.38146
9.37,58.86,0,-8.42104,-1.09558,-5.332,-1.5874,6.46454
9.38,58.86,0,-8.4368,-1.03052,-5.332,-1.56565,6.54728
9.39,0,0,-8.45244,-0.965608,-5.332,-1.56217,6.43473
9.4,0,0,-8.46804,-0.901821,-5.332,-1.55876,6.32267
9.41,0,0,-8.48361,-0.839153,-5.332,-1.55541,6.21108
9.42,0,0,-8.49915,-0.777598,-5.332,-1.55212,6.09995
9.43,0,0,-8.51466,-0.717152,-5.332,-1.54889,5.98928
9.44,0,0,-8.53013,-0.657811,-5.332,-1.54573,5.87905
9.45,0,0,-8.54557,-0.59957,-5.332,-1.54263,5.76925
9.46,0,0,-8.56098,-0.542425,-5.332,-1.53959,5.65988
9.47,0,0,-8.57636,-0.486371,-5.332,-1.53661,5.55091
9.48,0,0,-8.59172,-0.431405,-5.332,-1.53369,5.44236
9.49,0,0,-8.60704,-0.377523,-5.332,-1.53083,5.3342
9.5,0,0,-8.62233,-0.32472,-5.332,-1.52802,5.22642
9.51,0,0,-8.6376,-0.272993,-5.332,-1.52528,5.11902
9.52,0,0,-8.65284,-0.222338,-5.332,-1.52259,5.01199
9.53,0,0,-8.66805,-0.172752,-5.332,-1.51996,4.90532
9.54,0,0,-8.68324,-0.124231,-5.332,-1.51739,4.79899
9.55,0,0,-8.6984,-0.076771,-5.332,-1.51487,4.69301
9.56,0,0,-8.71354,-0.0303695,-5.332,-1.51241,4.58736
9.57,0,0,-8.72865,0.0149773,-5.332,-1.51,4.48204
9.58,0,0,-8.74374,0.0592723,-5.332,-1.50765,4.37703
9.59,0,0,-8.7588,0.102519,-5.332,-1.50535,4.27232
9.6,0,0,-8.77384,0.14472,-5.332,-1.5031,4.16792
9.61,0,0,-8.78886,0.185878,-5.332,-1.50091,4.06381
9.62,0,0,-8.80386,0.225997,-5.332,-1.49877,3.95998
9.63,0,0,-8.81884,0.265079,-5.332,-1.49668,3.85643
9.64,0,0,-8.83379,0.303126,-5.332,-1.49464,3.75314
9.65,0,0,-8.84873,0.340142,-5.332,-1.49265,3.65012
9.66,0,0,-8.86365,0.37613,-5.332,-1.49071,3.54735
9.67,0,0,-8.87855,0.41109,-5.332,-1.48883,3.44482
9.68,0,0,-8.89342,0.445027,-5.332,-1.48699,3.34252
9.69,0,0,-8.90829,0.477941,-5.332,-1.4852,3.24046
9.7,0,0,-8.92313,0.509837,-5.332,-1.48346,3.13862
9.71,0,0,-8.93795,0.540715,-5.332,-1.48177,3.037
9.72,0,0,-8.95276,0.570577,-5.332,-1.48012,2.93558
9.73,0,0,-8.96756,0.599427,-5.332,-1.47852,2.83436
